arabic_normalized,original_forms,classification,english_meanings,malayalam_meanings,reason
جد,جَدّ|جَدَّ,LEXICALLY_DISTINCT,Grandfather ; To be serious / strive,ഗൗരവമായി എടുത്തു / അധ്വാനിച്ചു ; മുത്തശ്ശൻ,"Different Arabic words forced onto key ""جد"": ""جَدّ"" = ""Grandfather""  vs  ""جَدَّ"" = ""To be serious / strive""  (the harakat that separate them were stripped)."
زوج,زَوْج|زُوِّجَ,LEXICALLY_DISTINCT,Husband ; Husband/Spouse ; Was married,ഭർത്താവ് ; ഭർത്താവ്/ഇണ ; വിവാഹിതനായി,"Different Arabic words forced onto key ""زوج"": ""زَوْج"" = ""Husband / Husband/Spouse""  vs  ""زُوِّجَ"" = ""Was married""  (the harakat that separate them were stripped)."
رجل,رَجُل|رِجْل,LEXICALLY_DISTINCT,Leg/Foot ; Man ; Man/Person,കാൽ ; പുരുഷൻ ; പുരുഷൻ/ആൾ,"Different Arabic words forced onto key ""رجل"": ""رَجُل"" = ""Man / Man/Person""  vs  ""رِجْل"" = ""Leg/Foot""  (the harakat that separate them were stripped)."
امراة,امْرَأَة|اِمْرَأَة,VOCALIZATION_VARIANT,Woman,സ്ത്രീ,"Identical consonantal skeleton ""امرأة""; ""امْرَأَة / اِمْرَأَة"" differ only by harakat and denote the same lexeme (""Woman"")."
جار,جَار|جَارٍ|جَارَ,LEXICALLY_DISTINCT,Current / Running / Ongoing ; Neighbor (Male) ; Neighbor (male) ; To act unjustly / oppress ; To deviate from truth ; To trespass / encroach,അക്രമം കാണിച്ചു ; അതിക്രമിച്ചു കയറി ; അയൽവാസി (ആൺ) ; നിലവിലുള്ള / ഓടുന്ന ; സത്യത്തിൽ നിന്ന് വ്യതിചലിച്ചു,"Different Arabic words forced onto key ""جار"": ""جَار"" = ""Neighbor (Male) / Neighbor (male)""  vs  ""جَارَ"" = ""To act unjustly / oppress / To trespass / enc…""  (the harakat that separate them were stripped)."
ولي,وَلِيّ|وَلَّى,LEXICALLY_DISTINCT,Guardian / Custodian ; Provided/Saved,"നൽകുക, സംരക്ഷിക്കുക ; രക്ഷാധികാരി","Different Arabic words forced onto key ""ولي"": ""وَلِيّ"" = ""Guardian / Custodian""  vs  ""وَلَّى"" = ""Provided/Saved""  (letter fold alef-maqsura ى->ي merged different spellings; the harakat that separate them were stripped)."
جمل,جَمَل|جَمَلَ|جَمَّلَ|جُمَل,LEXICALLY_DISTINCT,Camel ; Camel (General) ; Sentences ; To beautify / decorate ; To edit image ; To make elegant ; To polish text ; To sum up / aggregate ; To total amount,അലങ്കരിച്ചു / ഭംഗിയാക്കി ; ഒട്ടകം ; ചിത്രം മനോഹരമാക്കി ; മനോഹരമാക്കി ; മൊത്തം തുക കണക്കാക്കി ; മൊത്തത്തിൽ കണക്കാക്കി ; വാചകം ഭംഗിയാക്കി ; വാചകങ്ങൾ,"Different Arabic words forced onto key ""جمل"": ""جَمَل"" = ""Camel (General) / Camel""  vs  ""جُمَل"" = ""Sentences""  (the harakat that separate them were stripped)."
ثور,ثَوَّرَ|ثَوْر,LEXICALLY_DISTINCT,Bull / Ox ; Bull/Ox ; Gaur (Ox) ; To discuss / raise an issue,"കാട്ടുപോത്ത് (കാട്ടുപശു) ; കാള ; കാള / കാളക്കൂറ്റൻ ; കാള, പോത്ത് ; ചർച്ചയാക്കി","Different Arabic words forced onto key ""ثور"": ""ثَوَّرَ"" = ""To discuss / raise an issue""  vs  ""ثَوْر"" = ""Bull / Ox / Bull/Ox / Gaur (Ox)""  (the harakat that separate them were stripped)."
عجل,عَجَّلَ|عِجْل,LEXICALLY_DISTINCT,Accelerated/Hurried ; Calf,"കാളക്കുട്ടി ; വേഗത്തിലാക്കുക, ധൃതി കാണിക്കുക","Different Arabic words forced onto key ""عجل"": ""عَجَّلَ"" = ""Accelerated/Hurried""  vs  ""عِجْل"" = ""Calf""  (the harakat that separate them were stripped)."
دب,دَبَّ|دُبّ,LEXICALLY_DISTINCT,Arranged (rows) ; Bear ; Moved (slowly),ഇഴഞ്ഞു ; കരടി ; നിരത്തി,"Different Arabic words forced onto key ""دب"": ""دَبَّ"" = ""Moved (slowly) / Arranged (rows)""  vs  ""دُبّ"" = ""Bear""  (the harakat that separate them were stripped)."
ضفدع,ضَفْدَع|ضِفْدَع,VOCALIZATION_VARIANT,A frog ; Frog,ഒരു തവള ; തവള,"Identical consonantal skeleton ""ضفدع""; ""ضَفْدَع / ضِفْدَع"" differ only by harakat and denote the same lexeme (""Frog"")."
بطة,بَطَّة|بَطَّة,SAFE_ORTHOGRAPHIC,Duck,താറാവ്,"Same word, different Unicode encoding: the two entries are byte-different but identical after NFC (only the combining-mark order differs). Both denote ""Duck""."
اذن,أُذُن|إِذْن,LEXICALLY_DISTINCT,Ear ; Permission ; The ear,അനുവാദം ; ചെവി,"Different Arabic words forced onto key ""اذن"": ""أُذُن"" = ""Ear / The ear""  vs  ""إِذْن"" = ""Permission""  (letter fold alef-hamza-above أ->ا, alef-hamza-below إ->ا merged different spellings; the harakat that separate them were stripped)."
شعر,شَعَرَ|شَعْر|شِعْر,LEXICALLY_DISTINCT,Felt ; Hair ; Poetry,അനുഭവിച്ചു ; കവിത ; മുടി,"Different Arabic words forced onto key ""شعر"": ""شَعَرَ"" = ""Felt""  vs  ""شِعْر"" = ""Poetry""  (the harakat that separate them were stripped)."
وجه,وَجَّهَ|وَجْه,LEXICALLY_DISTINCT,Directed/Turned ; Face ; Face/Aspect ; The face,"തിരിയുക, നേർക്ക് തിരിക്കുക ; മുഖം ; മുഖം, ഭാവം ; മുഖം, വശം","Different Arabic words forced onto key ""وجه"": ""وَجَّهَ"" = ""Directed/Turned""  vs  ""وَجْه"" = ""Face / The face / Face/Aspect""  (the harakat that separate them were stripped)."
عين,عَيَّنَ|عَيْن,LEXICALLY_DISTINCT,Appointed/Designated ; Eye ; Eye/Spring,"കണ്ണ് ; കണ്ണ്, നീരുറവ ; നിയമിക്കുക, ചുമതലപ്പെടുത്തുക","Different Arabic words forced onto key ""عين"": ""عَيَّنَ"" = ""Appointed/Designated""  vs  ""عَيْن"" = ""Eye / Eye/Spring""  (the harakat that separate them were stripped)."
فم,فَم|فَمّ,VOCALIZATION_VARIANT,Mouth ; Mouthful/ لقمه,"ഒരു ഉരുള, വായ നിറയെ ; വായ ; വായ്","Identical consonantal skeleton ""فم""; ""فَم / فَمّ"" differ only by harakat and denote the same lexeme (""Mouth"")."
صدر,صَدَّرَ|صَدْر,LEXICALLY_DISTINCT,A chest ; Chest ; To export,കയറ്റി അയക്കുക ; നെഞ്ച് ; മാറ്,"Different Arabic words forced onto key ""صدر"": ""صَدَّرَ"" = ""To export""  vs  ""صَدْر"" = ""Chest / A chest""  (the harakat that separate them were stripped)."
قلب,قَلَبَ|قَلْب,LEXICALLY_DISTINCT,Heart ; Turned over/Flipped,"മറിച്ചിടുക, തലകീഴാക്കുക ; ഹൃദയം ; ഹൃദയം, മനസ്സ്","Different Arabic words forced onto key ""قلب"": ""قَلَبَ"" = ""Turned over/Flipped""  vs  ""قَلْب"" = ""Heart""  (the harakat that separate them were stripped)."
ظهر,ظَهَرَ|ظَهَّرَ|ظَهْر|ظُهْر,LEXICALLY_DISTINCT,Appeared ; Appeared/Emerged ; Back ; Back (of body) ; Back/Rear ; Noon / Midday ; Noon/Midday ; Went at noon,"ഉച്ച ; ഉച്ചയ്ക്ക് പോവുക ; ഉച്ചസമയം, മധ്യാഹ്നം ; പുറം ; പുറം, പിൻഭാഗം ; പ്രത്യക്ഷപ്പെടുക, ഉയർന്നു വരിക ; പ്രത്യക്ഷപ്പെട്ടു ; മുതുക്","Different Arabic words forced onto key ""ظهر"": ""ظَهَرَ"" = ""Appeared / Appeared/Emerged""  vs  ""ظُهْر"" = ""Noon / Midday / Noon/Midday""  (the harakat that separate them were stripped)."
ظفر,ظَفَر|ظَفِرَ|ظُفْر,LEXICALLY_DISTINCT,Fingernail / Toenail ; Nail (finger/toe) ; Triumphed/Won ; Victory,"നഖം ; വിജയം, ജയം ; വിജയിക്കുക, ജയിക്കുക","Different Arabic words forced onto key ""ظفر"": ""ظَفَر"" = ""Victory""  vs  ""ظُفْر"" = ""Fingernail / Toenail / Nail (finger/toe)""  (the harakat that separate them were stripped)."
قدم,قَدَم|قَدِمَ|قُدِّمَ,LEXICALLY_DISTINCT,Came/Arrived ; Foot ; Foot/Leg ; Was sacrificed,"കാൽ ; കാൽ, പാദം ; പാദം ; ബലിയർപ്പിക്കപ്പെട്ടു ; വരിക, എത്തിച്ചേരുക ; വരിക, എത്തുക","Different Arabic words forced onto key ""قدم"": ""قَدَم"" = ""Foot / Foot/Leg""  vs  ""قُدِّمَ"" = ""Was sacrificed""  (the harakat that separate them were stripped)."
جلد,جَلَدَ|جَلُدَ|جِلْد,LEXICALLY_DISTINCT,Skin ; Skin / Leather ; To be patient / enduring ; To bind book ; To whip / flog,ക്ഷമ പാലിച്ചു ; ചാട്ടവാറുകൊണ്ട് അടിച്ചു ; ചർമ്മം / തോൽ ; തൊലി / ചർമ്മം ; പുസ്തകം ബൈൻഡ് ചെയ്തു,"Different Arabic words forced onto key ""جلد"": ""جَلَدَ"" = ""To whip / flog / To bind book""  vs  ""جِلْد"" = ""Skin / Skin / Leather""  (the harakat that separate them were stripped)."
عظم,عَظُمَ|عَظْم,LEXICALLY_DISTINCT,Bone ; Was great/Magnificent,"അസ്ഥി ; എല്ല് ; മഹത്തരമാവുക, വലുതാവുക","Different Arabic words forced onto key ""عظم"": ""عَظُمَ"" = ""Was great/Magnificent""  vs  ""عَظْم"" = ""Bone""  (the harakat that separate them were stripped)."
دم,دَم|دَمّ,VOCALIZATION_VARIANT,Blood,രക്തം,"Identical consonantal skeleton ""دم""; ""دَم / دَمّ"" differ only by harakat and denote the same lexeme (""Blood"")."
عرق,عَرِقَ|عِرْق,LEXICALLY_DISTINCT,To sweat / perspire ; Vein / Artery,ഞരമ്പ് ; വിയർക്കുക,"Different Arabic words forced onto key ""عرق"": ""عَرِقَ"" = ""To sweat / perspire""  vs  ""عِرْق"" = ""Vein / Artery""  (the harakat that separate them were stripped)."
انت,أَنْتَ|أَنْتِ,VOCALIZATION_VARIANT,You (Feminine singular) ; You (Masculine Singular) ; You (Masculine singular),നീ (ആൺ) ; നീ (പെൺ) ; നീ/,"Identical consonantal skeleton ""أنت""; ""أَنْتَ / أَنْتِ"" differ only by harakat and denote the same lexeme (""You (Masculine singular) / You (Masculine Sin…"")."
هم,هَمّ|هَمَّ|هُمْ,LEXICALLY_DISTINCT,Anxiety/Worry ; Concern/Worry ; Felt important/Mattered ; They (Masculine plural),"അവർ (ആണുങ്ങൾ) ; ഉത്കണ്ഠ ; പ്രധാനമാവുക, പ്രാധാന്യം നൽകുക ; ശ്രദ്ധ, ഉത്കണ്ഠ","Different Arabic words forced onto key ""هم"": ""هَمّ"" = ""Anxiety/Worry / Concern/Worry""  vs  ""هُمْ"" = ""They (Masculine plural)""  (the harakat that separate them were stripped)."
هولاء,هَؤُلاَءِ|هَؤُلَاء,VOCALIZATION_VARIANT,These (Plural),ഇവ ; ഇവർ / ഇവ,"Identical consonantal skeleton ""هؤلاء""; ""هَؤُلاَءِ / هَؤُلَاء"" differ only by harakat and denote the same lexeme (""These (Plural)"")."
من,مَنْ|مِنْ,LEXICALLY_DISTINCT,From / Of ; From/Of ; Who?,ആര്? ; നിന്ന് / പാട് ; നിന്ന്/ന്റെ,"Different Arabic words forced onto key ""من"": ""مَنْ"" = ""Who?""  vs  ""مِنْ"" = ""From / Of / From/Of""  (the harakat that separate them were stripped)."
اخضر,أَخْضَر|اِخْضَرَّ,LEXICALLY_DISTINCT,Green ; Was green/Fresh,പച്ച ; പച്ചയായി/പുതിയതായി,"Different Arabic words forced onto key ""اخضر"": ""أَخْضَر"" = ""Green""  vs  ""اِخْضَرَّ"" = ""Was green/Fresh""  (letter fold alef-hamza-above أ->ا merged different spellings; the harakat that separate them were stripped)."
اصفر,أَصْفَر|اِصْفَرَّ,LEXICALLY_DISTINCT,Became yellow ; Yellow,മഞ്ഞ ; മഞ്ഞളിച്ചു,"Different Arabic words forced onto key ""اصفر"": ""أَصْفَر"" = ""Yellow""  vs  ""اِصْفَرَّ"" = ""Became yellow""  (letter fold alef-hamza-above أ->ا merged different spellings; the harakat that separate them were stripped)."
بني,بَنَى|بُنِيَ|بُنِّي,LEXICALLY_DISTINCT,Brown ; To be built / constructed ; To build / construct,തവിട്ടുനിറം ; പണിയപ്പെടുക ; പണിയുക ; പണിയുക / നിർമ്മിക്കുക,"Different Arabic words forced onto key ""بني"": ""بَنَى"" = ""To build / construct""  vs  ""بُنِّي"" = ""Brown""  (letter fold alef-maqsura ى->ي merged different spellings; the harakat that separate them were stripped)."
ذهبي,ذَهَبِي|ذَهَبِيّ,VOCALIZATION_VARIANT,Gold / Golden ; The Golden,സ്വർണ്ണ നിറം ; സ്വർണ്ണനിറം,"Identical consonantal skeleton ""ذهبي""; ""ذَهَبِي / ذَهَبِيّ"" differ only by harakat and denote the same lexeme (""Gold / Golden"")."
خبز,خَبَزَ|خُبْز,LEXICALLY_DISTINCT,Bread ; Prepared/Baked (bread) ; To bake,അപ്പം / റൊട്ടി ; ചുടുക (റൊട്ടി മുതലായവ) ; തയ്യാറാക്കി/ചുട്ടു ; റൊട്ടി,"Different Arabic words forced onto key ""خبز"": ""خَبَزَ"" = ""To bake / Prepared/Baked (bread)""  vs  ""خُبْز"" = ""Bread""  (the harakat that separate them were stripped)."
لحم,لَحَمَ|لَحْم,LEXICALLY_DISTINCT,Joined/Welded ; Meat ; Meat/Flesh,"ഇറച്ചി ; കൂട്ടിച്ചേർക്കുക, വെൽഡ് ചെയ്യുക ; മാംസം, ഇറച്ചി","Different Arabic words forced onto key ""لحم"": ""لَحَمَ"" = ""Joined/Welded""  vs  ""لَحْم"" = ""Meat / Meat/Flesh""  (the harakat that separate them were stripped)."
جبن,جَبَن|جَبُنَ|جُبْن,LEXICALLY_DISTINCT,Cheese ; Cowardice ; To be cowardly,ചീസ് ; ഭീരുത്വം ; ഭീരുവായി,"Different Arabic words forced onto key ""جبن"": ""جَبَن"" = ""Cowardice""  vs  ""جُبْن"" = ""Cheese""  (the harakat that separate them were stripped)."
سكر,سَكِرَ|سُكَّر,LEXICALLY_DISTINCT,Became drunk ; Became intoxicated ; Sugar,പഞ്ചസാര ; മത്തനായി ; ലഹരിയിലായി,"Different Arabic words forced onto key ""سكر"": ""سَكِرَ"" = ""Became drunk / Became intoxicated""  vs  ""سُكَّر"" = ""Sugar""  (the harakat that separate them were stripped)."
جزر,جَزَر|جَزَرَ|جَزَّرَ|جُزُر,LEXICALLY_DISTINCT,Carrot ; Islands ; To ebb (tide) / slaughter ; To slaughter / butcher,അറുത്തു / വെട്ടി ; കാരറ്റ് ; ദ്വീപുകൾ ; വറ്റാനിടയായി / അറുത്തു,"Different Arabic words forced onto key ""جزر"": ""جَزَر"" = ""Carrot""  vs  ""جُزُر"" = ""Islands""  (the harakat that separate them were stripped)."
جذر,جَذَرَ|جَذَّرَ|جَذْر|جِذْر,LEXICALLY_DISTINCT,Root ; To establish deeply ; To extract root ; To uproot / take root,ആഴത്തിൽ ഉറപ്പിച്ചു ; വേരോടി ; വേര് ; വർഗ്ഗമൂലം കണ്ടുപിടിച്ചു,"Different Arabic words forced onto key ""جذر"": ""جَذَرَ"" = ""To uproot / take root / To extract root""  vs  ""جِذْر"" = ""Root""  (the harakat that separate them were stripped)."
جذع,جَذْع|جِذْع,VOCALIZATION_VARIANT,Trunk / Stem,തടി / തണ്ട് ; മരത്തടി,"Identical consonantal skeleton ""جذع""; ""جَذْع / جِذْع"" differ only by harakat and denote the same lexeme (""Trunk / Stem"")."
قبل,قَبَّلَ|قَبِلَ|قَبَّلَ|قَبْلَ,LEXICALLY_DISTINCT,Accepted ; Accepted/Received ; Before (time/space) ; Kissed ; To accept / agree ; To kiss,"ചുംബിക്കുക ; മുമ്പ് ; സ്വീകരിക്കുക ; സ്വീകരിക്കുക, ഏറ്റുവാങ്ങുക ; സ്വീകരിക്കുക, ഏറ്റെടുക്കുക ; സ്വീകരിച്ചു","Different Arabic words forced onto key ""قبل"": ""قَبَّلَ"" = ""To kiss""  vs  ""قَبْلَ"" = ""Before (time/space)""  (the harakat that separate them were stripped)."
بعد,بَعَّدَ|بَعْدَ,LEXICALLY_DISTINCT,After ; To keep away,അകറ്റുക ; ശേഷം ; ശേഷം / കഴിഞ്ഞ്,"Different Arabic words forced onto key ""بعد"": ""بَعَّدَ"" = ""To keep away""  vs  ""بَعْدَ"" = ""After""  (the harakat that separate them were stripped)."
بين,بَيَّنَ|بَيْنَ,LEXICALLY_DISTINCT,Between ; To clarify / explain,ഇടയിൽ ; വ്യക്തമാക്കുക,"Different Arabic words forced onto key ""بين"": ""بَيَّنَ"" = ""To clarify / explain""  vs  ""بَيْنَ"" = ""Between""  (the harakat that separate them were stripped)."
حول,حَوَّلَ|حَوْلَ,LEXICALLY_DISTINCT,Around ; Transferred,കൈമാറ്റം ചെയ്തു ; ചുറ്റും,"Different Arabic words forced onto key ""حول"": ""حَوَّلَ"" = ""Transferred""  vs  ""حَوْلَ"" = ""Around""  (the harakat that separate them were stripped)."
غدا,غَداً|غَدَا,LEXICALLY_DISTINCT,Set out/Departed ; Tomorrow,"നാളെ ; പുറപ്പെടുക, യാത്രയാവുക","Different Arabic words forced onto key ""غدا"": ""غَداً"" = ""Tomorrow""  vs  ""غَدَا"" = ""Set out/Departed""  (the harakat that separate them were stripped)."
عصر,عَصَرَ|عَصْر,LEXICALLY_DISTINCT,Afternoon ; An era ; An era/A period of time ; To squeeze / press,"ഉച്ചയ്ക്ക് ശേഷം ; ഒരു കാലഘട്ടം ; ഒരു യുഗം, കാലഘട്ടം ; പിഴിയുക","Different Arabic words forced onto key ""عصر"": ""عَصَرَ"" = ""To squeeze / press""  vs  ""عَصْر"" = ""Afternoon / An era / An era/A period of time""  (the harakat that separate them were stripped)."
الثلاثاء,الثُّلاَثَاء|الثُّلَاثَاءُ,LEXICALLY_DISTINCT,Tuesday,ചൊവ്വ ; ചൊവ്വാഴ്ച,"Different Arabic words forced onto key ""الثلاثاء"": ""الثُّلاَثَاء"" = ""Tuesday""  vs  ""الثُّلَاثَاءُ"" = ""Tuesday""  (the harakat that separate them were stripped)."
الان,أَلَانَ|الآنَ,LEXICALLY_DISTINCT,Now ; To soften (Made soft),ഇപ്പോൾ ; മൃദുവായിരിക്കുക,"Different Arabic words forced onto key ""الان"": ""أَلَانَ"" = ""To soften (Made soft)""  vs  ""الآنَ"" = ""Now""  (letter fold alef-hamza-above أ->ا, alef-madda آ->ا merged different spellings; the harakat that separate them were stripped)."
قبعة,قُبَّعَة|قُبَّعَة,SAFE_ORTHOGRAPHIC,Hat / Cap ; Hat/Cap,തൊപ്പി,"Same word, different Unicode encoding: the two entries are byte-different but identical after NFC (only the combining-mark order differs). Both denote ""Hat / Cap""."
حزن,حَزِنَ|حُزْن,LEXICALLY_DISTINCT,Sadness / Grief ; Sorrow/Grief ; Was sad,"ദുഃഖം ; ദുഃഖം, വിഷാദം ; ദുഃഖിച്ചു ; സങ്കടം / ദുഃഖം","Different Arabic words forced onto key ""حزن"": ""حَزِنَ"" = ""Was sad""  vs  ""حُزْن"" = ""Sadness / Grief / Sorrow/Grief""  (the harakat that separate them were stripped)."
غضب,غَضَب|غَضِبَ,LEXICALLY_DISTINCT,Anger ; Anger/Rage ; Was angry,"കോപം, ദേഷ്യം ; ദേഷ്യം ; ദേഷ്യപ്പെടുക, കോപിക്കുക","Different Arabic words forced onto key ""غضب"": ""غَضَب"" = ""Anger / Anger/Rage""  vs  ""غَضِبَ"" = ""Was angry""  (the harakat that separate them were stripped)."
سهل,سَهُلَ|سَهْل,LEXICALLY_DISTINCT,Became easy ; Easy ; Was easy,എളുപ്പം ; എളുപ്പമായി ; എളുപ്പമായിരുന്നു ; എളുപ്പമുള്ള,"Different Arabic words forced onto key ""سهل"": ""سَهُلَ"" = ""Was easy / Became easy""  vs  ""سَهْل"" = ""Easy""  (the harakat that separate them were stripped)."
غني,غَنَّى|غَنِيَ|غَنِيّ|غَنَّى|غِنَى,LEXICALLY_DISTINCT,Made a sound/Sang ; Rich ; Richness/Wealth ; To sing ; Was rich/Self-sufficient,"ധനികനായ ; പാടുക ; ശബ്ദമുണ്ടാക്കുക, പാടുക ; സമ്പന്നത, ധനം ; സമ്പന്നനാവുക, സ്വയംപര്യാപ്തമാവുക","Different Arabic words forced onto key ""غني"": ""غَنَّى"" = ""To sing""  vs  ""غِنَى"" = ""Richness/Wealth""  (letter fold alef-maqsura ى->ي merged different spellings; the harakat that separate them were stripped)."
قوي,قَوِيّ|قَوَّى,LEXICALLY_DISTINCT,Strengthened ; Strong,ശക്തനായ ; ശക്തിപ്പെടുത്തുക,"Different Arabic words forced onto key ""قوي"": ""قَوِيّ"" = ""Strong""  vs  ""قَوَّى"" = ""Strengthened""  (letter fold alef-maqsura ى->ي merged different spellings; the harakat that separate them were stripped)."
سيارة,سَيَّارَة|سَيَّارَة,SAFE_ORTHOGRAPHIC,Car,കാർ ; കാർ / വാഹനം,"Same word, different Unicode encoding: the two entries are byte-different but identical after NFC (only the combining-mark order differs). Both denote ""Car""."
امل,أَمَل|أَمَلَ|أَمَّلَ,LEXICALLY_DISTINCT,Hope/Expectation ; Hoped (for) ; Hoped/Wished ; To hope / wish,"ആഗ്രഹിക്കുക / പ്രതീക്ഷിക്കുക ; പ്രതീക്ഷ ; പ്രത്യാശിക്കുക, ആഗ്രഹിക്കുക ; പ്രത്യാശിച്ചു","Different Arabic words forced onto key ""امل"": ""أَمَل"" = ""Hope/Expectation""  vs  ""أَمَّلَ"" = ""Hoped/Wished""  (the harakat that separate them were stripped)."
كتب,كَتَبَ|كَتَّبَ,LEXICALLY_DISTINCT,To write ; To write (Made to) ; Wrote,എഴുതി ; എഴുതിപ്പിക്കുക ; എഴുതുക,"Different Arabic words forced onto key ""كتب"": ""كَتَبَ"" = ""To write / Wrote""  vs  ""كَتَّبَ"" = ""To write (Made to)""  (the harakat that separate them were stripped)."
ذهب,ذَهَب|ذَهَبَ,LEXICALLY_DISTINCT,Gold ; To go ; Went ; Went away,അകന്നുപോയി ; പോയി ; പോവുക ; സ്വർണ്ണം,"Different Arabic words forced onto key ""ذهب"": ""ذَهَب"" = ""Gold""  vs  ""ذَهَبَ"" = ""To go / Went / Went away""  (the harakat that separate them were stripped)."
سمع,سَمِعَ|سُمِعَ,VOCALIZATION_VARIANT,Heard ; To hear / listen ; Was heard,കേട്ടു ; കേൾക്കപ്പെട്ടു ; കേൾക്കുക,"Identical consonantal skeleton ""سمع""; ""سَمِعَ / سُمِعَ"" differ only by harakat and denote the same lexeme (""To hear / listen / Heard"")."
استيقظ,إِسْتَيْقَظَ|اِسْتَيْقَظَ,SAFE_ORTHOGRAPHIC,To wake up ; Woke up ; Woke up/Arose,"ഉണരുക ; ഉണരുക, എഴുന്നേൽക്കുക ; ഉണർന്നു","Orthographic spelling variants of one word (alef-hamza-below إ->ا): ""إِسْتَيْقَظَ / اِسْتَيْقَظَ"". Same sense ""To wake up"", so a normalized hit still points at the right entry."
مشي,مَشَى|مَشَّى,LEXICALLY_DISTINCT,To walk ; Walked ; Walked (Made to),നടക്കുക ; നടത്തിക്കുക,"Different Arabic words forced onto key ""مشي"": ""مَشَى"" = ""To walk / Walked""  vs  ""مَشَّى"" = ""Walked (Made to)""  (the harakat that separate them were stripped)."
عمل,عَمَل|عَمِلَ,LEXICALLY_DISTINCT,Did/Worked ; To work ; Work/Action,"ജോലി ചെയ്യുക ; ജോലി, പ്രവർത്തനം ; പ്രവർത്തിക്കുക, ജോലി ചെയ്യുക","Different Arabic words forced onto key ""عمل"": ""عَمَل"" = ""Work/Action""  vs  ""عَمِلَ"" = ""To work / Did/Worked""  (the harakat that separate them were stripped)."
فكر,فَكَّرَ|فَكَّرَ,SAFE_ORTHOGRAPHIC,Thought/Reflected ; To think / consider,"ചിന്തിക്കുക ; ചിന്തിക്കുക, ആലോചിക്കുക","Same word, different Unicode encoding: the two entries are byte-different but identical after NFC (only the combining-mark order differs). Both denote ""To think / consider""."
احب,أَحَبَّ|أَحَبَّ,SAFE_ORTHOGRAPHIC,Loved ; To like / love,ഇഷ്ടപ്പെടുക / സ്നേഹിക്കുക ; സ്നേഹിച്ചു,"Same word, different Unicode encoding: the two entries are byte-different but identical after NFC (only the combining-mark order differs). Both denote ""To like / love""."
فتح,فَتَحَ|فَتْح,LEXICALLY_DISTINCT,Opened ; Opening/Conquest ; To open ; To unlock,"തുറക്കുക ; തുറക്കുക (പൂട്ട്) ; തുറക്കൽ, വിജയം","Different Arabic words forced onto key ""فتح"": ""فَتَحَ"" = ""To open / To unlock / Opened""  vs  ""فَتْح"" = ""Opening/Conquest""  (the harakat that separate them were stripped)."
اشتري,إِشْتَرَى|اِشْتَرَى,SAFE_ORTHOGRAPHIC,Bought/Purchased ; To buy,വാങ്ങി ; വാങ്ങുക,"Orthographic spelling variants of one word (alef-hamza-below إ->ا, alef-maqsura ى->ي): ""إِشْتَرَى / اِشْتَرَى"". Same sense ""To buy"", so a normalized hit still points at the right entry."
باع,بَاع|بَاعَ,LEXICALLY_DISTINCT,Arm / Forearm ; To sell,കൈമുട്ട് / ബാഹു ; വില്ക്കുക,"Different Arabic words forced onto key ""باع"": ""بَاع"" = ""Arm / Forearm""  vs  ""بَاعَ"" = ""To sell""  (the harakat that separate them were stripped)."
سال,سَأَلَ|سَالَ,LEXICALLY_DISTINCT,Asked ; Flowed (water) ; To ask,ഒഴുകി ; ചോദിക്കുക ; ചോദിച്ചു,"Different Arabic words forced onto key ""سال"": ""سَأَلَ"" = ""To ask / Asked""  vs  ""سَالَ"" = ""Flowed (water)""  (letter fold alef-hamza-above أ->ا merged different spellings; the harakat that separate them were stripped)."
غسل,غَسَلَ|غَسْل,LEXICALLY_DISTINCT,To wash ; To wash (clothes) ; Washed ; Washing ; Washing/Cleaning,"അലക്കുക ; കഴുകി ; കഴുകുക ; കഴുകുക, സ്നാനം ചെയ്യുക ; കഴുകൽ","Different Arabic words forced onto key ""غسل"": ""غَسَلَ"" = ""To wash / To wash (clothes) / Washed""  vs  ""غَسْل"" = ""Washing/Cleaning / Washing""  (the harakat that separate them were stripped)."
ضحك,ضَحِك|ضَحِكَ|ضَحْك,LEXICALLY_DISTINCT,Laughed ; Laughter ; To laugh,ചിരി ; ചിരിക്കുക ; ചിരിച്ചു,"Different Arabic words forced onto key ""ضحك"": ""ضَحِك"" = ""Laughter""  vs  ""ضَحْك"" = ""Laughter""  (the harakat that separate them were stripped)."
ضرب,ضَرَبَ|ضَرْب|ضُرِبَ,LEXICALLY_DISTINCT,Hit/Struck ; Multiplication/Hit ; To hit / strike ; To multiply ; Was hit ; Was hit/Struck,അടിക്കപ്പെട്ടു ; അടിക്കുക ; അടിച്ചു ; അടിച്ചു/പ്രഹരിച്ചു ; ഗുണനം/അടി ; ഗുണിക്കുക,"Different Arabic words forced onto key ""ضرب"": ""ضَرَبَ"" = ""To hit / strike / To multiply / Was hit / Hit…""  vs  ""ضُرِبَ"" = ""Was hit/Struck""  (the harakat that separate them were stripped)."
قطع,قَطَعَ|قَطَّعَ|قَطَّعَ,LEXICALLY_DISTINCT,Cut (Made to) ; Cut off/Severed (Intensely) ; Cut/Chopped ; Cut/Severed ; To cut ; To cut / chop,"കഷ്ണങ്ങളാക്കുക ; പൂർണ്ണമായും മുറിച്ചുമാറ്റുക ; മുറിക്കാൻ സഹായിക്കുക ; മുറിക്കുക ; മുറിക്കുക, അരിയുക ; മുറിക്കുക, ഛേദിക്കുക","Different Arabic words forced onto key ""قطع"": ""قَطَعَ"" = ""To cut / Cut/Chopped / Cut/Severed""  vs  ""قَطَّعَ"" = ""Cut (Made to) / Cut off/Severed (Intensely)""  (the harakat that separate them were stripped)."
حمل,حَمَلَ|حِمْل,LEXICALLY_DISTINCT,Carried/Bore ; Load/Burden ; To carry,ചുമക്കുക / എടുക്കുക ; ചുമട്/ഭാരം ; ചുമന്നു/വഹിച്ചു,"Different Arabic words forced onto key ""حمل"": ""حَمَلَ"" = ""To carry / Carried/Bore""  vs  ""حِمْل"" = ""Load/Burden""  (the harakat that separate them were stripped)."
وضع,وَضَعَ|وَضْع,LEXICALLY_DISTINCT,Put/Placed ; Situation/State ; To put / place,"അവസ്ഥ, നില ; വെക്കുക ; വെക്കുക, സ്ഥാപിക്കുക","Different Arabic words forced onto key ""وضع"": ""وَضَعَ"" = ""To put / place / Put/Placed""  vs  ""وَضْع"" = ""Situation/State""  (the harakat that separate them were stripped)."
غير,غَيَّرَ|غَيَّرَ,SAFE_ORTHOGRAPHIC,Changed/Altered ; To change,"മാറ്റുക ; മാറ്റുക, വ്യത്യാസം വരുത്തുക","Same word, different Unicode encoding: the two entries are byte-different but identical after NFC (only the combining-mark order differs). Both denote ""To change""."
نظف,نَظَّفَ|نَظُفَ|نَظَّفَ|نُظِّفَ,LEXICALLY_DISTINCT,Cleaned ; To clean ; Was clean ; Was cleaned,വൃത്തിയാക്കപ്പെടുക ; വൃത്തിയാക്കുക ; വൃത്തിയുള്ളതായിരുന്നു,"Different Arabic words forced onto key ""نظف"": ""نَظَّفَ"" = ""To clean""  vs  ""نُظِّفَ"" = ""Was cleaned""  (the harakat that separate them were stripped)."
تذكر,تَذَكَّرَ|تَذَكَّرَ,SAFE_ORTHOGRAPHIC,Remembered ; To remember,ഓർക്കുക ; ഓർമ്മിച്ചു,"Same word, different Unicode encoding: the two entries are byte-different but identical after NFC (only the combining-mark order differs). Both denote ""To remember""."
بدا,بَدَأَ|بَدَا,LEXICALLY_DISTINCT,Began ; Began/Started ; To appear / seem ; To begin / start ; To start / begin,കാണപ്പെടുക ; തുടങ്ങി ; തുടങ്ങുക,"Different Arabic words forced onto key ""بدا"": ""بَدَأَ"" = ""To start / begin / To begin / start / Began /…""  vs  ""بَدَا"" = ""To appear / seem""  (letter fold alef-hamza-above أ->ا merged different spellings; the harakat that separate them were stripped)."
شكر,شَكَرَ|شُكْر,LEXICALLY_DISTINCT,Thanked ; Thankfulness ; To thank,നന്ദി ; നന്ദി പറഞ്ഞു ; നന്ദി പറയുക,"Different Arabic words forced onto key ""شكر"": ""شَكَرَ"" = ""To thank / Thanked""  vs  ""شُكْر"" = ""Thankfulness""  (the harakat that separate them were stripped)."
حمد,حَمِدَ|حَمْد,LEXICALLY_DISTINCT,Praise ; Praised ; To praise,സ്തുതി ; സ്തുതിക്കുക ; സ്തുതിച്ചു,"Different Arabic words forced onto key ""حمد"": ""حَمِدَ"" = ""To praise / Praised""  vs  ""حَمْد"" = ""Praise""  (the harakat that separate them were stripped)."
عبد,عَبَدَ|عَبْد,LEXICALLY_DISTINCT,Servant/Worshipper ; To worship ; Worshipped/Served,"ആരാധിക്കുക ; ആരാധിക്കുക, സേവിക്കുക ; ഭൃത്യൻ, ആരാധകൻ","Different Arabic words forced onto key ""عبد"": ""عَبَدَ"" = ""To worship / Worshipped/Served""  vs  ""عَبْد"" = ""Servant/Worshipper""  (the harakat that separate them were stripped)."
خلق,خَلَقَ|خَلْق|خُلُق,LEXICALLY_DISTINCT,Created ; Creation/Creatures ; Morality/Character ; To create,സൃഷ്ടി/സൃഷ്ടികൾ ; സൃഷ്ടിക്കുക ; സൃഷ്ടിച്ചു ; സ്വഭാവം/ധാർമ്മികത,"Different Arabic words forced onto key ""خلق"": ""خَلَقَ"" = ""To create / Created""  vs  ""خُلُق"" = ""Morality/Character""  (the harakat that separate them were stripped)."
وعد,وَعَدَ|وَعْد,LEXICALLY_DISTINCT,Made a promise ; Promise ; Promise/Appointment ; Promised ; To promise,"വാഗ്ദാനം ചെയ്തു ; വാഗ്ദാനം ചെയ്യുക ; വാഗ്ദാനം ചെയ്യുക, ഉറപ്പ് നൽകുക ; വാഗ്ദാനം, കൂടിക്കാഴ്ച ; വാഗ്ദാനം, പ്രതിജ്ഞ","Different Arabic words forced onto key ""وعد"": ""وَعَدَ"" = ""To promise / Made a promise / Promised""  vs  ""وَعْد"" = ""Promise/Appointment / Promise""  (the harakat that separate them were stripped)."
كذب,كَذَبَ|كَذِب,LEXICALLY_DISTINCT,Lie/Falsehood ; Lied ; To lie,"കള്ളം പറയുക ; നുണ പറയുക, കള്ളം പറയുക ; നുണ, കള്ളം","Different Arabic words forced onto key ""كذب"": ""كَذَبَ"" = ""To lie / Lied""  vs  ""كَذِب"" = ""Lie/Falsehood""  (the harakat that separate them were stripped)."
صدق,صَدَقَ|صَدَّقَ|صِدْق,LEXICALLY_DISTINCT,Believed/Confirmed ; To tell truth ; Truth/Honesty ; Was honest,വിശ്വസിച്ചു/സത്യപ്പെടുത്തി ; സത്യം പറയുക ; സത്യം/സത്യസന്ധത ; സത്യസന്ധനായി,"Different Arabic words forced onto key ""صدق"": ""صَدَقَ"" = ""To tell truth / Was honest""  vs  ""صِدْق"" = ""Truth/Honesty""  (the harakat that separate them were stripped)."
اختار,إِخْتَارَ|اِخْتَارَ,SAFE_ORTHOGRAPHIC,Chosen/Selected ; To choose,തിരഞ്ഞെടുക്കുക ; തിരഞ്ഞെടുത്തു,"Orthographic spelling variants of one word (alef-hamza-below إ->ا): ""إِخْتَارَ / اِخْتَارَ"". Same sense ""To choose"", so a normalized hit still points at the right entry."
قرر,قَرَّرَ|قَرَّرَ,SAFE_ORTHOGRAPHIC,Decided ; Decided/Resolved ; To decide,"തീരുമാനമെടുക്കുക, നിശ്ചയിക്കുക ; തീരുമാനിക്കുക ; തീരുമാനിച്ചു","Same word, different Unicode encoding: the two entries are byte-different but identical after NFC (only the combining-mark order differs). Both denote ""To decide""."
شفي,شَفَى|شُفِيَ,LEXICALLY_DISTINCT,Healed/Recovered ; To heal / cure ; Was saved/Healed,സുഖം പ്രാപിച്ചു ; സുഖപ്പെടുക / സുഖപ്പെടുത്തുക ; സുഖമായി,"Different Arabic words forced onto key ""شفي"": ""شَفَى"" = ""To heal / cure""  vs  ""شُفِيَ"" = ""Was saved/Healed / Healed/Recovered""  (letter fold alef-maqsura ى->ي merged different spellings; the harakat that separate them were stripped)."
مرض,مَرَض|مَرِضَ,LEXICALLY_DISTINCT,Disease/Ailment ; To get sick,"അസുഖം വരിക ; രോഗം, അസുഖം","Different Arabic words forced onto key ""مرض"": ""مَرَض"" = ""Disease/Ailment""  vs  ""مَرِضَ"" = ""To get sick""  (the harakat that separate them were stripped)."
استراح,إِسْتَرَاحَ|اِسْتَرَاحَ,SAFE_ORTHOGRAPHIC,Rested/Was comfortable ; To rest,വിശ്രമിക്കുക ; വിശ്രമിച്ചു,"Orthographic spelling variants of one word (alef-hamza-below إ->ا): ""إِسْتَرَاحَ / اِسْتَرَاحَ"". Same sense ""To rest"", so a normalized hit still points at the right entry."
رسم,رَسَمَ|رَسْم,LEXICALLY_DISTINCT,Drawing/Picture ; Drew/Painted ; Levy/Tax ; To draw / paint,ചിത്രം ; ചുങ്കം ; വരച്ചു ; വരയ്ക്കുക,"Different Arabic words forced onto key ""رسم"": ""رَسَمَ"" = ""To draw / paint / Drew/Painted""  vs  ""رَسْم"" = ""Drawing/Picture / Levy/Tax""  (the harakat that separate them were stripped)."
فصل,فَصَلَ|فَصْل,LEXICALLY_DISTINCT,Chapter/Section ; Lesson/Chapter ; Separated ; Separated/Decided ; Separated/Divided ; Separation/ الفصل ; Spring (Season) ; To separate,"അദ്ധ്യായം ; അദ്ധ്യായം, ഭാഗം ; വസന്തകാലം ; വേർതിരിക്കുക, തീരുമാനിക്കുക ; വേർതിരിക്കൽ, വിഭാഗം ; വേർതിരിച്ചു ; വേർപെടുത്തുക","Different Arabic words forced onto key ""فصل"": ""فَصَلَ"" = ""To separate / Separated / Separated/Divided /…""  vs  ""فَصْل"" = ""Lesson/Chapter / Separation/ الفصل / Chapter/…""  (the harakat that separate them were stripped)."
عد,عَدَّ|عَدَّ,SAFE_ORTHOGRAPHIC,Counted/Considered ; To count,"എണ്ണുക ; എണ്ണുക, പരിഗണിക്കുക","Same word, different Unicode encoding: the two entries are byte-different but identical after NFC (only the combining-mark order differs). Both denote ""To count""."
وزن,وَزَنَ|وَزْن,LEXICALLY_DISTINCT,To weigh ; To weigh (options/items) ; Was heavy ; Was heavy/Weighed ; Weighed ; Weight,"തൂക്കി ; തൂക്കി നോക്കുക ; തൂക്കുക ; ഭാരം, തൂക്കം ; ഭാരമുള്ളതായിരുന്നു ; ഭാരമുള്ളതാവുക, തൂങ്ങുക","Different Arabic words forced onto key ""وزن"": ""وَزَنَ"" = ""To weigh / To weigh (options/items) / Weighed…""  vs  ""وَزْن"" = ""Weight""  (the harakat that separate them were stripped)."
قسم,قَسَم|قَسَمَ|قَسَّمَ,LEXICALLY_DISTINCT,Divided/Shared ; Divided/Split ; Oath/Promise ; To divide,"പങ്കിടുക, വിഭജിക്കുക ; വകുക്കുക / പങ്കിടുക ; വിഭജിച്ചു ; സത്യം, പ്രതിജ്ഞ","Different Arabic words forced onto key ""قسم"": ""قَسَم"" = ""Oath/Promise""  vs  ""قَسَّمَ"" = ""Divided/Shared""  (the harakat that separate them were stripped)."
اكتشف,إِكْتَشَفَ|اِكْتَشَفَ,SAFE_ORTHOGRAPHIC,Discovered/Invented ; To discover,"കണ്ടെത്തുക / വെളിപ്പെടുത്തുക ; കണ്ടെത്തുക, കണ്ടുപിടിക്കുക","Orthographic spelling variants of one word (alef-hamza-below إ->ا): ""إِكْتَشَفَ / اِكْتَشَفَ"". Same sense ""To discover"", so a normalized hit still points at the right entry."
جمع,جَمَعَ|جَمَّعَ|جَمْع,LEXICALLY_DISTINCT,Plural / Gathering ; To add / accumulate ; To add numbers ; To assemble / gather together ; To collect / gather ; To collect stamps ; To collect/Gather ; To combine forces ; To compile / summarize ; To pool resources,ഒരുമിച്ചുകൂട്ടി ; കൂട്ടിച്ചേർത്തു ; ബഹുവചനം / കൂട്ടായ്മ ; വിഭവങ്ങൾ ഒരുമിച്ചുകൂട്ടി ; ശക്തികൾ ഏകോപിപ്പിച്ചു ; ശേഖരിക്കുക ; ശേഖരിക്കുക / ഒരുമിച്ച് കൂട്ടുക ; ശേഖരിച്ചു / ഒരുമിച്ചുകൂട്ടി ; സംഖ്യകൾ കൂട്ടി ; സമാഹരിച്ചു ; സ്റ്റാമ്പുകൾ ശേഖരിച്ചു,"Different Arabic words forced onto key ""جمع"": ""جَمَعَ"" = ""To collect / gather / To add / accumulate / T…""  vs  ""جَمْع"" = ""Plural / Gathering""  (the harakat that separate them were stripped)."
خطط,خَطَّطَ|خَطَّطَ,SAFE_ORTHOGRAPHIC,Made a plan ; Planed/Scheduled ; To plan,അസൂത്രണം ചെയ്യുക ; പദ്ധതി തയ്യാറാക്കി ; പദ്ധതിയിട്ടു,"Same word, different Unicode encoding: the two entries are byte-different but identical after NFC (only the combining-mark order differs). Both denote ""To plan""."
نصح,نَصَحَ|نُصْح,LEXICALLY_DISTINCT,Advice/Counsel ; Gave advice/Counseled ; To advise,"ഉപദേശം, മന്ത്രം ; ഉപദേശിക്കുക ; ഉപദേശിക്കുക, നിർദ്ദേശിക്കുക","Different Arabic words forced onto key ""نصح"": ""نَصَحَ"" = ""To advise / Gave advice/Counseled""  vs  ""نُصْح"" = ""Advice/Counsel""  (the harakat that separate them were stripped)."
اتفق,إِتَّفَقَ|اِتَّفَقَ,SAFE_ORTHOGRAPHIC,Agreed ; To agree upon,ഒത്തുതീർപ്പിലെത്തുക ; സമ്മതിച്ചു,"Orthographic spelling variants of one word (alef-hamza-below إ->ا): ""إِتَّفَقَ / اِتَّفَقَ"". Same sense ""To agree upon"", so a normalized hit still points at the right entry."
تخيل,تَخَيَّلَ|تَخَيَّلَ,SAFE_ORTHOGRAPHIC,Imagined ; To imagine,ഭാവന ചെയ്തു ; സങ്കൽപ്പിക്കുക,"Same word, different Unicode encoding: the two entries are byte-different but identical after NFC (only the combining-mark order differs). Both denote ""To imagine""."
حلم,حَلَمَ|حُلْم,LEXICALLY_DISTINCT,Dream ; To dream,സ്വപ്നം ; സ്വപ്നം കാണുക,"Different Arabic words forced onto key ""حلم"": ""حَلَمَ"" = ""To dream""  vs  ""حُلْم"" = ""Dream""  (the harakat that separate them were stripped)."
لام,لاَمَ|لَامَ,LEXICALLY_DISTINCT,Blamed/Reproached ; To blame,"കുറ്റപ്പെടുത്തുക ; കുറ്റപ്പെടുത്തുക, ആക്ഷേപിക്കുക","Different Arabic words forced onto key ""لام"": ""لاَمَ"" = ""To blame""  vs  ""لَامَ"" = ""Blamed/Reproached""  (the harakat that separate them were stripped)."
نقد,نَقَدَ|نَقْد,LEXICALLY_DISTINCT,Money/Cash ; To criticize,"പണം, നാണയം ; വിമർശിക്കുക","Different Arabic words forced onto key ""نقد"": ""نَقَدَ"" = ""To criticize""  vs  ""نَقْد"" = ""Money/Cash""  (the harakat that separate them were stripped)."
شجع,شَجَّعَ|شَجَّعَ,SAFE_ORTHOGRAPHIC,Encouraged ; To encourage,പ്രോത്സാഹിപ്പിക്കുക ; പ്രോത്സാഹിപ്പിച്ചു,"Same word, different Unicode encoding: the two entries are byte-different but identical after NFC (only the combining-mark order differs). Both denote ""To encourage""."
كرم,كَرَّمَ|كَرُمَ|كَرَّمَ,LEXICALLY_DISTINCT,Honored/Respected ; To honor ; Was generous/Noble,"ആദരിക്കുക ; ആദരിക്കുക, ബഹുമാനിക്കുക ; ഔദാര്യമുള്ളവനാവുക, മാന്യനാവുക","Different Arabic words forced onto key ""كرم"": ""كَرَّمَ"" = ""To honor""  vs  ""كَرَّمَ"" = ""Honored/Respected""  (the harakat that separate them were stripped)."
نبه,نَبَّهَ|نَبَّهَ,SAFE_ORTHOGRAPHIC,To warn / alert ; Woke up,"ഉണരുക, ഉണർത്തുക ; ശ്രദ്ധയിൽപ്പെടുത്തുക","Same word, different Unicode encoding: the two entries are byte-different but identical after NFC (only the combining-mark order differs). Both denote ""To warn / alert""."
شك,شَكَّ|شَكّ|شَكَّ,LEXICALLY_DISTINCT,Doubt ; Doubt/Suspicion ; Doubted ; To doubt,"സംശയം ; സംശയം, അവിശ്വാസം ; സംശയിക്കുക ; സംശയിച്ചു","Different Arabic words forced onto key ""شك"": ""شَكَّ"" = ""To doubt""  vs  ""شَكَّ"" = ""Doubted""  (the harakat that separate them were stripped)."
عبر,عَبَرَ|عَبَّرَ,LEXICALLY_DISTINCT,Crossed/Passed ; To express,"കടന്നുപോവുക, മറികടക്കുക ; പ്രകടിപ്പിക്കുക","Different Arabic words forced onto key ""عبر"": ""عَبَرَ"" = ""Crossed/Passed""  vs  ""عَبَّرَ"" = ""To express""  (the harakat that separate them were stripped)."
سجل,سَجَّلَ|سَجَّلَ|سِجِلّ,LEXICALLY_DISTINCT,A record ; Made a record ; Registered/Recorded ; To record / register,ഒരു രേഖ ; രേഖപ്പെടുത്തി ; രേഖപ്പെടുത്തുക,"Different Arabic words forced onto key ""سجل"": ""سَجَّلَ"" = ""To record / register""  vs  ""سِجِلّ"" = ""A record""  (the harakat that separate them were stripped)."
وقع,وَقَّعَ|وَقَّعَ,SAFE_ORTHOGRAPHIC,Agreed (Mutual) ; To sign (signature),ഒപ്പുവെക്കുക ; പരസ്പരം യോജിക്കുക,"Same word, different Unicode encoding: the two entries are byte-different but identical after NFC (only the combining-mark order differs). Both denote ""To sign (signature)""."
طبع,طَبَعَ|طُبِعَ,VOCALIZATION_VARIANT,Printed/Published ; To print ; Was printed,അച്ചടിക്കപ്പെട്ടു ; അച്ചടിക്കുക ; അച്ചടിച്ചു/പ്രസിദ്ധീകരിച്ചു,"Identical consonantal skeleton ""طبع""; ""طَبَعَ / طُبِعَ"" differ only by harakat and denote the same lexeme (""To print / Printed/Published"")."
قدر,قَدَر|قَدَّرَ|قُدِّرَ,LEXICALLY_DISTINCT,Destiny/Fate ; To count / estimate ; Was destined/Decided,"എണ്ണുക / അനുമാനിക്കുക ; വിധി, തലയിലെഴുത്ത് ; വിധിക്കപ്പെടുക, തീരുമാനിക്കപ്പെടുക","Different Arabic words forced onto key ""قدر"": ""قَدَر"" = ""Destiny/Fate""  vs  ""قُدِّرَ"" = ""Was destined/Decided""  (the harakat that separate them were stripped)."
علق,عَلَّقَ|عَلَّقَ,SAFE_ORTHOGRAPHIC,Connected/Linked ; To hang / suspend,"തൂക്കിയിടുക ; ബന്ധിപ്പിക്കുക, കൂട്ടിച്ചേർക്കുക","Same word, different Unicode encoding: the two entries are byte-different but identical after NFC (only the combining-mark order differs). Both denote ""To hang / suspend""."
انزلق,إِنْزَلَقَ|اِنْزَلَقَ,SAFE_ORTHOGRAPHIC,Moved (slowly) ; Slid down ; To slip / slide,താഴേക്ക് വഴുതി ; പതുക്കെ നീങ്ങി ; വഴുതിവീഴുക,"Orthographic spelling variants of one word (alef-hamza-below إ->ا): ""إِنْزَلَقَ / اِنْزَلَقَ"". Same sense ""To slip / slide"", so a normalized hit still points at the right entry."
غرق,غَرَق|غَرِقَ,LEXICALLY_DISTINCT,Drowning ; Sank/Drowned ; To drown,"മുങ്ങിപ്പോവുക, മുക്കുക ; മുങ്ങിപ്പോവൽ ; മുങ്ങിമരിക്കുക","Different Arabic words forced onto key ""غرق"": ""غَرَق"" = ""Drowning""  vs  ""غَرِقَ"" = ""To drown / Sank/Drowned""  (the harakat that separate them were stripped)."
احترق,إِحْتَرَقَ|اِحْتَرَقَ,SAFE_ORTHOGRAPHIC,Burned/Ignited ; To burn / get burned,കത്തി ; പൊള്ളലേൽക്കുക,"Orthographic spelling variants of one word (alef-hamza-below إ->ا): ""إِحْتَرَقَ / اِحْتَرَقَ"". Same sense ""To burn / get burned"", so a normalized hit still points at the right entry."
صفر,صَفَّرَ|صِفْر,LEXICALLY_DISTINCT,To whistle ; Zero,പൂജ്യം ; വിസില്‍ അടിക്കുക,"Different Arabic words forced onto key ""صفر"": ""صَفَّرَ"" = ""To whistle""  vs  ""صِفْر"" = ""Zero""  (the harakat that separate them were stripped)."
همس,هَمَسَ|هَمْس,LEXICALLY_DISTINCT,To whisper ; Whispered ; Whispering,മന്ത്രിക്കുക ; രഹസ്യം പറയുക / മന്ത്രിക്കുക ; രഹസ്യം പറയൽ,"Different Arabic words forced onto key ""همس"": ""هَمَسَ"" = ""To whisper / Whispered""  vs  ""هَمْس"" = ""Whispering""  (the harakat that separate them were stripped)."
سمي,سَمَّى|سَمَّى,SAFE_ORTHOGRAPHIC,Named/Called ; To name / call,പേരിടുക ; പേരിട്ടു/വിളിച്ചു,"Same word, different Unicode encoding: the two entries are byte-different but identical after NFC (only the combining-mark order differs). Both denote ""To name / call""."
لوح,لَوَّحَ|لَوْح,LEXICALLY_DISTINCT,A type of stone/Marble ; Tablet/Board ; To wave (hand),"ഒരുതരം കല്ല്, മാർബിൾ ; കൈവീശുക ; പലക, ബോർഡ്","Different Arabic words forced onto key ""لوح"": ""لَوَّحَ"" = ""To wave (hand)""  vs  ""لَوْح"" = ""A type of stone/Marble / Tablet/Board""  (the harakat that separate them were stripped)."
هدا,هَدَأَ|هَدَّأَ,LEXICALLY_DISTINCT,Became calm/Quiet ; Pleased/Appeased ; To calm down,"ശാന്തനാകുക ; ശാന്തമാവുക, അടങ്ങുക ; സന്തോഷിപ്പിക്കുക, അനുരഞ്ജിപ്പിക്കുക","Different Arabic words forced onto key ""هدا"": ""هَدَأَ"" = ""To calm down / Became calm/Quiet""  vs  ""هَدَّأَ"" = ""Pleased/Appeased""  (the harakat that separate them were stripped)."
قلق,قَلَق|قَلِقَ,LEXICALLY_DISTINCT,Anxiety/Worry ; To worry ; Was concerned/Worried,ആകുലപ്പെടുക ; വിഷമം/ആശങ്ക ; വിഷമിച്ചു,"Different Arabic words forced onto key ""قلق"": ""قَلَق"" = ""Anxiety/Worry""  vs  ""قَلِقَ"" = ""To worry / Was concerned/Worried""  (the harakat that separate them were stripped)."
حفظ,حَفِظَ|حَفَّظَ,LEXICALLY_DISTINCT,Conserved/Preserved ; Memorized ; Remembered/Memorized ; To memorize,"ഓർക്കുക, മനഃപാഠമാക്കുക ; ഓർമ്മിച്ചു ; മനഃപാഠമാക്കുക ; സംരക്ഷിക്കുക, സൂക്ഷിക്കുക","Different Arabic words forced onto key ""حفظ"": ""حَفِظَ"" = ""To memorize / Memorized / Conserved/Preserved""  vs  ""حَفَّظَ"" = ""Remembered/Memorized""  (the harakat that separate them were stripped)."
ذكر,ذَكَر|ذَكَرَ|ذَكَّرَ|ذَكَّرَ|ذُكِرَ|ذِكْر,LEXICALLY_DISTINCT,A Male/Masculine ; Mentioned/Remembered ; Remembered/Recalled ; Remembrance/Mention ; Reminded ; The Male ; To remind ; Was mentioned,"ആൺ ; ഓർമ്മിപ്പിക്കുക ; ഓർമ്മിപ്പിക്കുക, തിരിച്ചുവിളിക്കുക ; ഓർമ്മിപ്പിച്ചു ; പറഞ്ഞു/ഓർത്തു ; പറയപ്പെട്ടു ; പുരുഷൻ ; സ്മരണ/പറയൽ","Different Arabic words forced onto key ""ذكر"": ""ذَكَر"" = ""A Male/Masculine / The Male""  vs  ""ذِكْر"" = ""Remembrance/Mention""  (the harakat that separate them were stripped)."
توقع,تَوَقَّعَ|تَوَقَّعَ,SAFE_ORTHOGRAPHIC,Stopped/Paused ; To expect,"നിർത്തുക, ഇടവേള എടുക്കുക ; പ്രതീക്ഷിക്കുക","Same word, different Unicode encoding: the two entries are byte-different but identical after NFC (only the combining-mark order differs). Both denote ""To expect""."
فضل,فَضَلَ|فَضَّلَ,LEXICALLY_DISTINCT,To prefer ; Was superior/Preferred,"മുൻഗണന നൽകുക / ഇഷ്ടപ്പെടുക ; മെച്ചപ്പെടുക, ഇഷ്ടപ്പെടുക","Different Arabic words forced onto key ""فضل"": ""فَضَلَ"" = ""Was superior/Preferred""  vs  ""فَضَّلَ"" = ""To prefer""  (the harakat that separate them were stripped)."
استثمر,إِسْتَثْمَرَ|اِسْتَثْمَرَ,SAFE_ORTHOGRAPHIC,Invested ; To invest,നിക്ഷേപിക്കുക ; നിക്ഷേപിച്ചു,"Orthographic spelling variants of one word (alef-hamza-below إ->ا): ""إِسْتَثْمَرَ / اِسْتَثْمَرَ"". Same sense ""To invest"", so a normalized hit still points at the right entry."
جدول,جَدْوَل|جَدْوَلَ,LEXICALLY_DISTINCT,Stream / Creek / Table ; To schedule,അരുവി / പട്ടിക ; സമയക്രമം നിശ്ചയിക്കുക,"Different Arabic words forced onto key ""جدول"": ""جَدْوَل"" = ""Stream / Creek / Table""  vs  ""جَدْوَلَ"" = ""To schedule""  (the harakat that separate them were stripped)."
اعترف,إِعْتَرَفَ|اِعْتَرَفَ,SAFE_ORTHOGRAPHIC,Confessed/Admitted ; To admit / confess,"സമ്മതിക്കുക / ഏറ്റുപറയുക ; സമ്മതിക്കുക, ഏറ്റുപറയുക","Orthographic spelling variants of one word (alef-hamza-below إ->ا): ""إِعْتَرَفَ / اِعْتَرَفَ"". Same sense ""To admit / confess"", so a normalized hit still points at the right entry."
اعتذر,إِعْتَذَرَ|اِعْتَذَرَ,SAFE_ORTHOGRAPHIC,Apologized/Excused ; To apologize,"ക്ഷമ ചോദിക്കുക ; ക്ഷമ ചോദിക്കുക, ഒഴിവ് പറയുക","Orthographic spelling variants of one word (alef-hamza-below إ->ا): ""إِعْتَذَرَ / اِعْتَذَرَ"". Same sense ""To apologize"", so a normalized hit still points at the right entry."
تزوج,تَزَوَّجَ|تَزَوَّجَ,SAFE_ORTHOGRAPHIC,Got married ; To marry,വിവാഹം കഴിക്കുക ; വിവാഹം കഴിച്ചു,"Same word, different Unicode encoding: the two entries are byte-different but identical after NFC (only the combining-mark order differs). Both denote ""To marry""."
صنع,صَنَعَ|صُنِعَ,VOCALIZATION_VARIANT,Made/Manufactured ; To construct / make ; Was manufactured,ഉണ്ടാക്കി/നിർമ്മിച്ചു ; നിർമ്മിക്കപ്പെട്ടു ; നിർമ്മിക്കുക,"Identical consonantal skeleton ""صنع""; ""صَنَعَ / صُنِعَ"" differ only by harakat and denote the same lexeme (""To construct / make / Made/Manufactured"")."
هدد,هَدَّدَ|هَدَّدَ,SAFE_ORTHOGRAPHIC,Threatened ; To threaten,"ഭീഷണിപ്പെടുത്തുക ; ഭീഷണിപ്പെടുത്തുക, പേടിപ്പിക്കുക","Same word, different Unicode encoding: the two entries are byte-different but identical after NFC (only the combining-mark order differs). Both denote ""To threaten""."
انتشر,إِنْتَشَرَ|اِنْتَشَرَ,SAFE_ORTHOGRAPHIC,Criticized ; Spread/Expanded ; To spread (disease) ; Was spread,പടരുക (രോഗം) ; പരക്കപ്പെട്ടു ; പരന്നു ; വിമർശിക്കുക,"Orthographic spelling variants of one word (alef-hamza-below إ->ا): ""إِنْتَشَرَ / اِنْتَشَرَ"". Same sense ""To spread (disease)"", so a normalized hit still points at the right entry."
جدف,جَدَفَ|جَدَّفَ,LEXICALLY_DISTINCT,To blaspheme / curse ; To row / paddle boat ; To row a boat,തുഴഞ്ഞു ; തുഴയുക ; ശപിച്ചു / നിന്ദിച്ചു,"Different Arabic words forced onto key ""جدف"": ""جَدَفَ"" = ""To row / paddle boat / To blaspheme / curse""  vs  ""جَدَّفَ"" = ""To row a boat""  (the harakat that separate them were stripped)."
بذر البذور,بَذَرَ البُذُور|بَذَرَ البُذُورَ,PHRASE_VARIANT,To sow seeds,വിത്ത് വിതറുക,"Multi-word phrase (2 words): ""بَذَرَ البُذُور"" vs ""بَذَرَ البُذُورَ"" differ only by the final case harakat; both glossed ""To sow seeds"". Same phrase, no lexical split."
برقت السماء,بَرَقَتِ السَّمَاء|بَرَقَتِ السَّمَاءُ,PHRASE_VARIANT,To flash (lightning) ; To flash lightning,മിന്നലുണ്ടാകുക ; മിന്നൽ മിന്നുക,"Multi-word phrase (2 words): ""بَرَقَتِ السَّمَاء"" vs ""بَرَقَتِ السَّمَاءُ"" differ only by the final case harakat; both glossed ""To flash lightning"". Same phrase, no lexical split."
انكسر,إِنْكَسَرَ|اِنْكَسَرَ,SAFE_ORTHOGRAPHIC,To break / be broken ; Was broken,"തകരുക, പൊട്ടുക ; പൊട്ടുക","Orthographic spelling variants of one word (alef-hamza-below إ->ا): ""إِنْكَسَرَ / اِنْكَسَرَ"". Same sense ""To break / be broken"", so a normalized hit still points at the right entry."
انشغل,إِنْشَغَلَ|اِنْشَغَلَ,SAFE_ORTHOGRAPHIC,To be busy / occupied ; Was busy,തിരക്കിലാകുക ; തിരക്കിലായിരുന്നു,"Orthographic spelling variants of one word (alef-hamza-below إ->ا): ""إِنْشَغَلَ / اِنْشَغَلَ"". Same sense ""To be busy / occupied"", so a normalized hit still points at the right entry."
اهتز,إِهْتَزَّ|اِهْتَزَّ,SAFE_ORTHOGRAPHIC,To shake / vibrate ; Trembled/Shook,കുലുങ്ങുക ; വിറച്ചു,"Orthographic spelling variants of one word (alef-hamza-below إ->ا): ""إِهْتَزَّ / اِهْتَزَّ"". Same sense ""To shake / vibrate"", so a normalized hit still points at the right entry."
بشر,بَشَر|بَشَّرَ,LEXICALLY_DISTINCT,Mankind / Human ; To inform / convey news,മനുഷ്യൻ ; സന്തോഷവാർത്ത അറിയിക്കുക,"Different Arabic words forced onto key ""بشر"": ""بَشَر"" = ""Mankind / Human""  vs  ""بَشَّرَ"" = ""To inform / convey news""  (the harakat that separate them were stripped)."
ببغاء,بَبَّغَاء|بَبْغَاء,VOCALIZATION_VARIANT,Parrot,തത്ത,"Identical consonantal skeleton ""ببغاء""; ""بَبَّغَاء / بَبْغَاء"" differ only by harakat and denote the same lexeme (""Parrot"")."
بصر,بَصَر|بَصَّرَ|بَصُرَ,LEXICALLY_DISTINCT,Sight / Vision ; To give sight / enlighten ; To look attentively / gaze,ഉറ്റുനോക്കുക ; കാഴ്ച ; കാഴ്ച നൽകുക / ചിന്തിപ്പിക്കുക,"Different Arabic words forced onto key ""بصر"": ""بَصَر"" = ""Sight / Vision""  vs  ""بَصُرَ"" = ""To look attentively / gaze""  (the harakat that separate them were stripped)."
بر,بَرّ|بُرّ,LEXICALLY_DISTINCT,Land / Countryside ; Wheat / Grain,കര / മരുഭൂമി ; ഗോതമ്പ് / ധാന്യം,"Different Arabic words forced onto key ""بر"": ""بَرّ"" = ""Land / Countryside""  vs  ""بُرّ"" = ""Wheat / Grain""  (the harakat that separate them were stripped)."
برق,بَرَقَ|بَرْق,LEXICALLY_DISTINCT,Lightning ; To shine / sparkle,തിളങ്ങുക ; മിന്നൽ,"Different Arabic words forced onto key ""برق"": ""بَرَقَ"" = ""To shine / sparkle""  vs  ""بَرْق"" = ""Lightning""  (the harakat that separate them were stripped)."
برد,بَرَد|بَرَدَ|بَرَّدَ,LEXICALLY_DISTINCT,Hail / Coldness ; To cool down ; To grow cold / freeze,ആലിപ്പഴം ; തണുക്കുക ; തണുപ്പിക്കുക,"Different Arabic words forced onto key ""برد"": ""بَرَد"" = ""Hail / Coldness""  vs  ""بَرَّدَ"" = ""To cool down""  (the harakat that separate them were stripped)."
بقعة,بَقْعَة|بُقْعَة,LEXICALLY_DISTINCT,Plain / Field ; Spot / Stain,പുള്ളി / കറ ; സമതലം,"Different Arabic words forced onto key ""بقعة"": ""بَقْعَة"" = ""Plain / Field""  vs  ""بُقْعَة"" = ""Spot / Stain""  (the harakat that separate them were stripped)."
بلغ,بَلَغَ|بَلَّغَ|بَلُغَ,LEXICALLY_DISTINCT,Reached (maturity) ; Reached/Arrived ; Reached/Attained ; To be articulate ; To inform / notify ; To reach / arrive,"അറിയിക്കുക ; എത്തുക ; എത്തുക, എത്തിച്ചേരുക ; എത്തുക, കരഗതമാവുക ; പ്രായപൂർത്തിയായി ; വ്യക്തമായി സംസാരിക്കുക","Different Arabic words forced onto key ""بلغ"": ""بَلَغَ"" = ""To reach / arrive / Reached (maturity) / Reac…""  vs  ""بَلُغَ"" = ""To be articulate""  (the harakat that separate them were stripped)."
بسط,بَسَطَ|بَسَّطَ,LEXICALLY_DISTINCT,To simplify ; To spread out / extend,പരത്തുക ; ലളിതമാക്കുക,"Different Arabic words forced onto key ""بسط"": ""بَسَطَ"" = ""To spread out / extend""  vs  ""بَسَّطَ"" = ""To simplify""  (the harakat that separate them were stripped)."
ابتلي,إِبْتَلَى|إِبْتُلِيَ,SAFE_ORTHOGRAPHIC,To test / afflict ; To test / trial,പരീക്ഷിക്കപ്പെടുക ; പരീക്ഷിക്കുക,"Orthographic spelling variants of one word (alef-hamza-below إ->ا, alef-maqsura ى->ي): ""إِبْتَلَى / إِبْتُلِيَ"". Same sense ""To test / afflict"", so a normalized hit still points at the right entry."
بري,بَرَى|بَرِئَ,LEXICALLY_DISTINCT,To heal / cure ; To sharpen (pencil),സീവുക / മൂർച്ച കൂട്ടുക ; സുഖപ്പെടുക,"Different Arabic words forced onto key ""بري"": ""بَرَى"" = ""To sharpen (pencil)""  vs  ""بَرِئَ"" = ""To heal / cure""  (letter fold yeh-hamza ئ->ي, alef-maqsura ى->ي merged different spellings; the harakat that separate them were stripped)."
بل,بَلَّ|بَلْ,LEXICALLY_DISTINCT,But/Rather ; To wet slightly,പക്ഷേ/പകരം ; ലൈറ്റായി നനയ്ക്കുക,"Different Arabic words forced onto key ""بل"": ""بَلَّ"" = ""To wet slightly""  vs  ""بَلْ"" = ""But/Rather""  (the harakat that separate them were stripped)."
ثبت,ثَبَتَ|ثَبَّتَ,LEXICALLY_DISTINCT,To be firm / proven ; To fix / confirm / consolidate,ഉറച്ചുനിന്നു ; ഉറപ്പിച്ചു,"Different Arabic words forced onto key ""ثبت"": ""ثَبَتَ"" = ""To be firm / proven""  vs  ""ثَبَّتَ"" = ""To fix / confirm / consolidate""  (the harakat that separate them were stripped)."
ثبط,ثَبَطَ|ثَبَطَّ|ثَبُطَ,LEXICALLY_DISTINCT,To be sluggish / slow ; To discourage / detain ; To hinder / delay,പിന്തിരിപ്പിച്ചു ; മന്ദഗതിയിലായി ; വൈകിച്ചു,"Different Arabic words forced onto key ""ثبط"": ""ثَبَطَ"" = ""To discourage / detain""  vs  ""ثَبُطَ"" = ""To be sluggish / slow""  (the harakat that separate them were stripped)."
ثقب,ثَقَبَ|ثَقَّبَ|ثَقْب,LEXICALLY_DISTINCT,Hole / Piercing / Aperture ; Made a hole ; To bore / pierce ; To pierce through / penetrate,തുളച്ചുകയറി ; ദ്വാരം / സുഷിരം ; ദ്വാരമുണ്ടാക്കി,"Different Arabic words forced onto key ""ثقب"": ""ثَقَبَ"" = ""To bore / pierce / Made a hole""  vs  ""ثَقْب"" = ""Hole / Piercing / Aperture""  (the harakat that separate them were stripped)."
ثقف,ثَقُفَ|ثَقَّفَ,LEXICALLY_DISTINCT,To educate / refine / cultivate ; To gain wisdom / become cultured,വിദ്യാഭ്യാസം നേടി ; വിദ്യാഭ്യാസം നൽകി,"Different Arabic words forced onto key ""ثقف"": ""ثَقُفَ"" = ""To gain wisdom / become cultured""  vs  ""ثَقَّفَ"" = ""To educate / refine / cultivate""  (the harakat that separate them were stripped)."
ثقل,ثَقُلَ|ثَقَّلَ,LEXICALLY_DISTINCT,To burden / make heavy ; To heavy / weigh down ; Was heavy/Weighed down,ഭാരം ചുമത്തി ; ഭാരം തോന്നി ; ഭാരമുള്ളതാക്കി,"Different Arabic words forced onto key ""ثقل"": ""ثَقُلَ"" = ""To heavy / weigh down / Was heavy/Weighed down""  vs  ""ثَقَّلَ"" = ""To burden / make heavy""  (the harakat that separate them were stripped)."
ثلم,ثَلَمَ|ثَلَّمَ,LEXICALLY_DISTINCT,To damage / notch ; To make a gap / breach,കേടുവരുത്തി ; വിടവുണ്ടാക്കി,"Different Arabic words forced onto key ""ثلم"": ""ثَلَمَ"" = ""To make a gap / breach""  vs  ""ثَلَّمَ"" = ""To damage / notch""  (the harakat that separate them were stripped)."
ثلب,ثَلَبَ|ثَلَّبَ,LEXICALLY_DISTINCT,To blame / censure ; To slander / defame,അപമാനിച്ചു ; കുറ്റപ്പെടുത്തി,"Different Arabic words forced onto key ""ثلب"": ""ثَلَبَ"" = ""To blame / censure""  vs  ""ثَلَّبَ"" = ""To slander / defame""  (the harakat that separate them were stripped)."
ثني,ثَنَى|ثَنَّى,LEXICALLY_DISTINCT,To double / repeat ; To fold / bend / divert,മടക്കി ; രണ്ടട്ടിയാക്കി,"Different Arabic words forced onto key ""ثني"": ""ثَنَى"" = ""To fold / bend / divert""  vs  ""ثَنَّى"" = ""To double / repeat""  (the harakat that separate them were stripped)."
ثمن,ثَمَن|ثَمَنَ|ثَمَّنَ,LEXICALLY_DISTINCT,Price / Cost / Value ; To divide into eight parts ; To evaluate / appraise ; To make eightfold,എട്ടാക്കി ; എട്ടു ഭാഗമാക്കി ; വില / മൂല്യം ; വിലയിരുത്തി,"Different Arabic words forced onto key ""ثمن"": ""ثَمَن"" = ""Price / Cost / Value""  vs  ""ثَمَّنَ"" = ""To evaluate / appraise / To divide into eight…""  (the harakat that separate them were stripped)."
ثلث,ثَلَثَ|ثَلَّثَ,LEXICALLY_DISTINCT,To divide into three parts ; To make threefold / triple,മൂന്നിരട്ടിയാക്കി ; മൂന്നു ഭാഗമാക്കി,"Different Arabic words forced onto key ""ثلث"": ""ثَلَثَ"" = ""To make threefold / triple""  vs  ""ثَلَّثَ"" = ""To divide into three parts""  (the harakat that separate them were stripped)."
ثغر,ثَغَرَ|ثَغَّرَ,LEXICALLY_DISTINCT,To make an opening / breach ; To pierce through,കുത്തിത്തുളച്ചു ; വഴിയുണ്ടാക്കി,"Different Arabic words forced onto key ""ثغر"": ""ثَغَرَ"" = ""To pierce through""  vs  ""ثَغَّرَ"" = ""To make an opening / breach""  (the harakat that separate them were stripped)."
الثغر,الثَّغْرُ|الثُّغَرُ,LEXICALLY_DISTINCT,Front teeth / Mouth / Port ; Gaps / Breaches,മുൻപല്ല് / വായ / തുറമുഖം ; വിടവുകൾ,"Different Arabic words forced onto key ""الثغر"": ""الثَّغْرُ"" = ""Front teeth / Mouth / Port""  vs  ""الثُّغَرُ"" = ""Gaps / Breaches""  (the harakat that separate them were stripped)."
الثمانية,الثَّمَانِيَةُ|الثُّمَانِيَّةُ,LEXICALLY_DISTINCT,Eight (8) ; Octet,അഷ്ടകം ; എട്ട്,"Different Arabic words forced onto key ""الثمانية"": ""الثَّمَانِيَةُ"" = ""Eight (8)""  vs  ""الثُّمَانِيَّةُ"" = ""Octet""  (the harakat that separate them were stripped)."
جهز,جَهَزَ|جَهَّزَ,LEXICALLY_DISTINCT,Prepared ; Prepared/Arranged ; To cook meal ; To finish off / dispatch ; To fit out / ready ; To furnish room ; To pack luggage ; To package goods ; To prepare / equip ; To prepare army,"അവസാനിപ്പിച്ചു ; ഒരുക്കുക, ക്രമീകരിക്കുക ; തയ്യാറാക്കി ; തയ്യാറാക്കുക, ക്രമീകരിക്കുക ; ഭക്ഷണം ഒരുക്കി ; മുറി അലങ്കരിച്ചു / ക്രമീകരിച്ചു ; ലഗേജ് റെഡിയാക്കി ; സജ്ജമാക്കി ; സാധനങ്ങൾ പാക്ക് ചെയ്തു ; സൈന്യത്തെ സജ്ജമാക്കി","Different Arabic words forced onto key ""جهز"": ""جَهَزَ"" = ""To finish off / dispatch / To fit out / ready…""  vs  ""جَهَّزَ"" = ""To prepare / equip / To package goods / To fu…""  (the harakat that separate them were stripped)."
جسد,جَسَد|جَسَّدَ,LEXICALLY_DISTINCT,Body / Corpse ; To embody / represent ; To encapsulate idea,ആശയം ഉൾക്കൊണ്ടു ; മൂർത്തിമദ്ഭവിപ്പിച്ചു ; ശരീരം / ഭൗതികശരീരം,"Different Arabic words forced onto key ""جسد"": ""جَسَد"" = ""Body / Corpse""  vs  ""جَسَّدَ"" = ""To embody / represent / To encapsulate idea""  (the harakat that separate them were stripped)."
جمد,جَمُدَ|جَمَّدَ,LEXICALLY_DISTINCT,To freeze / chill ; To freeze / solidify ; To freeze assets ; To freeze liquid ; To solidify liquid ; To stall project,കട്ടിയാക്കി മാറ്റിയ ; തണുത്തുറഞ്ഞു ; ദ്രാവകം തണുപ്പിച്ചു ; പദ്ധതി നിർത്തിവെച്ചു ; മരവിപ്പിച്ചു / തണുപ്പിച്ചു ; സ്വത്ത് മരവിപ്പിച്ചു,"Different Arabic words forced onto key ""جمد"": ""جَمُدَ"" = ""To freeze / solidify""  vs  ""جَمَّدَ"" = ""To freeze / chill / To solidify liquid / To f…""  (the harakat that separate them were stripped)."
جرح,جَرَحَ|جَرْح|جُرِحَ|جُرْح,LEXICALLY_DISTINCT,A wound ; A wound/Injury ; To hurt feelings ; To wound / injure ; Was injured ; Was wounded ; Wound / Cut,ഒരു മുറിവ് ; പരുക്കേൽപ്പിച്ചു ; പരുക്ക് ; മനസ്സിനെ മുറിവേൽപ്പിച്ചു ; മുറിവേറ്റു,"Different Arabic words forced onto key ""جرح"": ""جَرَحَ"" = ""To wound / injure / To hurt feelings""  vs  ""جُرْح"" = ""A wound / A wound/Injury""  (the harakat that separate them were stripped)."
جهل,جَهَلَ|جَهِلَ,LEXICALLY_DISTINCT,To be ignorant ; To be unaware of ; To ignore ; To miss point,അജ്ഞനായി ഇരുന്നു ; അറിയാതെ പോയി ; അവഗണിച്ചു ; കാര്യം മനസ്സിലാക്കാതിരുന്നു,"Different Arabic words forced onto key ""جهل"": ""جَهَلَ"" = ""To ignore""  vs  ""جَهِلَ"" = ""To be ignorant / To be unaware of / To miss p…""  (the harakat that separate them were stripped)."
جاد,جَادَ|جَادّ,LEXICALLY_DISTINCT,Gave freely ; Serious / Earnest ; To be generous / excel ; To bestow gifts ; To rain heavily,ഉദാരമനസ്കനായി / മികച്ചുനിന്നു ; കനത്ത മഴ പെയ്തു ; ഗൗരവമുള്ള ; സമ്മാനങ്ങൾ നൽകി ; സ്വതന്ത്രമായി നൽകി,"Different Arabic words forced onto key ""جاد"": ""جَادَ"" = ""To be generous / excel / To bestow gifts / To…""  vs  ""جَادّ"" = ""Serious / Earnest""  (the harakat that separate them were stripped)."
جانب,جَانَبَ|جَانِب|جَانِبَ,LEXICALLY_DISTINCT,Beside / Next to ; Side / Flank ; Side/Edge ; To avoid / side with,"അടുത്ത് / അരികിൽ ; ഒഴിവാക്കി ; ഭാഗം, വശം ; വശം / പാർശ്വം","Different Arabic words forced onto key ""جانب"": ""جَانَبَ"" = ""To avoid / side with""  vs  ""جَانِبَ"" = ""Beside / Next to""  (the harakat that separate them were stripped)."
جامع,جَامَعَ|جَامِع,LEXICALLY_DISTINCT,Comprehensive / Universal ; Mosque ; To combine / merge ; To unite with / copulate,ഒരുമിച്ചു ചേർന്നു ; പള്ളി / മസ്ജിദ് ; ലയിപ്പിച്ചു ; സമഗ്രമായ,"Different Arabic words forced onto key ""جامع"": ""جَامَعَ"" = ""To unite with / copulate / To combine / merge""  vs  ""جَامِع"" = ""Comprehensive / Universal / Mosque""  (the harakat that separate them were stripped)."
جرد,جَرُدَ|جَرَّدَ,LEXICALLY_DISTINCT,To become bare / desolate ; To disarm / strip rank ; To strip / bare / abstract ; To strip bare details,ആയുധം എടുത്തുമാറ്റി ; ഒഴിവാക്കി / നഗ്നമാക്കി ; വിവരങ്ങൾ പുറത്തെടുത്തു ; ശൂന്യമായി,"Different Arabic words forced onto key ""جرد"": ""جَرُدَ"" = ""To become bare / desolate""  vs  ""جَرَّدَ"" = ""To strip / bare / abstract / To disarm / stri…""  (the harakat that separate them were stripped)."
جرم,جَرَمَ|جَرُمَ|جَرَّمَ,LEXICALLY_DISTINCT,To commit a crime ; To commit crime / fault ; To convict accused ; To criminalize / incriminate ; To outlaw / ban ; To sin,കുറ്റം ചെയ്തു ; കുറ്റകരമാക്കി ; തെറ്റ് ചെയ്തു ; നിരോധിച്ചു ; പാപം ചെയ്തു ; പ്രതിയെ കുറ്റക്കാരനാക്കി,"Different Arabic words forced onto key ""جرم"": ""جَرَمَ"" = ""To commit crime / fault""  vs  ""جَرَّمَ"" = ""To criminalize / incriminate / To outlaw / ba…""  (the harakat that separate them were stripped)."
جرس,جَرَس|جَرَسَ|جَرْس,LEXICALLY_DISTINCT,A bell ; Bell ; Bell / Chime ; Bell/Gong ; To ring / chime,ഒരു മണി ; മണി ; മണി മുഴക്കി,"Different Arabic words forced onto key ""جرس"": ""جَرَس"" = ""Bell / A bell / Bell/Gong""  vs  ""جَرْس"" = ""Bell / Chime""  (the harakat that separate them were stripped)."
جرف,جَرُفَ|جَرَّفَ|جُرْف,LEXICALLY_DISTINCT,Cliff / Bank ; To dredge river ; To erode / undermine ; To wash away / sweep,ഒലിച്ചുപോയി ; ഒഴുക്കിക്കൊണ്ടുപോയി ; ചെരിവ് / കര ; പുഴ ശുദ്ധീകരിച്ചു,"Different Arabic words forced onto key ""جرف"": ""جَرُفَ"" = ""To erode / undermine""  vs  ""جُرْف"" = ""Cliff / Bank""  (the harakat that separate them were stripped)."
جرع,جَرَعَ|جَرَّعَ,LEXICALLY_DISTINCT,To drink medicine ; To make gulp / administer ; To make suffer ; To swallow / gulp,കുടിപ്പിച്ചു / വിഴുങ്ങിച്ചു ; മരുന്ന് വിഴുങ്ങി ; വിഴുങ്ങി ; സഹിപ്പിച്ചു,"Different Arabic words forced onto key ""جرع"": ""جَرَعَ"" = ""To swallow / gulp / To drink medicine""  vs  ""جَرَّعَ"" = ""To make gulp / administer / To make suffer""  (the harakat that separate them were stripped)."
جزع,جَزَع|جَزَعَ,LEXICALLY_DISTINCT,Panic / Anxiety / Agony ; To lose composure ; To panic / fret,നിയന്ത്രണം വിട്ടു ; പരിഭ്രമം / ആകുലത ; പരിഭ്രാന്തനായി,"Different Arabic words forced onto key ""جزع"": ""جَزَع"" = ""Panic / Anxiety / Agony""  vs  ""جَزَعَ"" = ""To panic / fret / To lose composure""  (the harakat that separate them were stripped)."
جزا,جَزَأَ|جَزَّأَ,LEXICALLY_DISTINCT,Divided (a lot) ; To divide / parse ; To divide into sections ; To segment market,കൂടുതലായി വിഭജിച്ചു ; ഭാഗങ്ങളാക്കി ; ഭാഗിച്ചു / വിഭജിച്ചു ; വിപണി തിരിച്ചു,"Different Arabic words forced onto key ""جزا"": ""جَزَأَ"" = ""To divide into sections""  vs  ""جَزَّأَ"" = ""To divide / parse / To segment market / Divid…""  (the harakat that separate them were stripped)."
جسس,جَسَس|جَسَّسَ,LEXICALLY_DISTINCT,Espionage ; To eavesdrop ; To monitor signal ; To spy / inspect,ഒളിഞ്ഞുനോക്കി / കേട്ടു ; ചാരപ്പണി നടത്തി ; ചാരപ്രവർത്തനം ; സിഗ്നൽ വീക്ഷിച്ചു,"Different Arabic words forced onto key ""جسس"": ""جَسَس"" = ""Espionage""  vs  ""جَسَّسَ"" = ""To spy / inspect / To eavesdrop / To monitor …""  (the harakat that separate them were stripped)."
جسر,جَسُرَ|جِسْر,LEXICALLY_DISTINCT,Bridge ; To be daring / brave,ധൈര്യപ്പെട്ടു ; പാലം,"Different Arabic words forced onto key ""جسر"": ""جَسُرَ"" = ""To be daring / brave""  vs  ""جِسْر"" = ""Bridge""  (the harakat that separate them were stripped)."
جلي,جَلَى|جَلَّى,LEXICALLY_DISTINCT,To clarify / polish / reveal ; To clarify situation ; To clear up / evict ; To polish shoes,വ്യക്തമാക്കി / ഒഴിപ്പിച്ചു ; വ്യക്തമാക്കി / തിളക്കി ; ഷൂ മിനുക്കി ; സാഹചര്യം വ്യക്തമാക്കി,"Different Arabic words forced onto key ""جلي"": ""جَلَى"" = ""To clarify / polish / reveal / To clarify sit…""  vs  ""جَلَّى"" = ""To clear up / evict""  (the harakat that separate them were stripped)."
جنس,جَنَسَ|جَنَّسَ|جِنْس,LEXICALLY_DISTINCT,Gender / Sex / Species ; To classify / assimilate ; To naturalize citizen,പൗരത്വം നൽകി ; ലിംഗം / വർഗ്ഗം ; വർഗ്ഗീകരിച്ചു,"Different Arabic words forced onto key ""جنس"": ""جَنَسَ"" = ""To classify / assimilate""  vs  ""جِنْس"" = ""Gender / Sex / Species""  (the harakat that separate them were stripped)."
جرو,جَرُؤَ|جَرْو,LEXICALLY_DISTINCT,Puppy / Cub ; To dare / venture,ധൈര്യപ്പെട്ടു ; നായ്ക്കുട്ടി / സിംഹക്കുട്ടി,"Different Arabic words forced onto key ""جرو"": ""جَرُؤَ"" = ""To dare / venture""  vs  ""جَرْو"" = ""Puppy / Cub""  (letter fold waw-hamza ؤ->و merged different spellings; the harakat that separate them were stripped)."
جوز,جَوَّزَ|جَوْز,LEXICALLY_DISTINCT,To certify / validate ; To permit / pass ; Walnut,അനുവാദം നൽകി ; വാൾനട്ട് ; സാക്ഷ്യപ്പെടുത്തി,"Different Arabic words forced onto key ""جوز"": ""جَوَّزَ"" = ""To permit / pass / To certify / validate""  vs  ""جَوْز"" = ""Walnut""  (the harakat that separate them were stripped)."
جوع,جَوَّعَ|جُوع,LEXICALLY_DISTINCT,Hunger ; To starve / deprive of food ; To starve enemy,പട്ടിണിക്കിട്ടു ; വിശപ്പ് ; ശത്രുവിനെ പട്ടിണിക്കിട്ടു,"Different Arabic words forced onto key ""جوع"": ""جَوَّعَ"" = ""To starve / deprive of food / To starve enemy""  vs  ""جُوع"" = ""Hunger""  (the harakat that separate them were stripped)."
جاف,جَافّ|جَافَّ,LEXICALLY_DISTINCT,Dry / Arid ; To become dry,ഉണങ്ങിപ്പോയി ; ഉണങ്ങിയ,"Different Arabic words forced onto key ""جاف"": ""جَافّ"" = ""Dry / Arid""  vs  ""جَافَّ"" = ""To become dry""  (the harakat that separate them were stripped)."
جامد,جَامَدَ|جَامِد,LEXICALLY_DISTINCT,Rigid / Frozen / Inanimate ; To freeze solid,കട്ടിയാക്കി ; കട്ടിയുള്ള / മരവിച്ച,"Different Arabic words forced onto key ""جامد"": ""جَامَدَ"" = ""To freeze solid""  vs  ""جَامِد"" = ""Rigid / Frozen / Inanimate""  (the harakat that separate them were stripped)."
جبار,جَبَّار|جَبَّارَ,LEXICALLY_DISTINCT,Mighty / Tyrant / Giant ; To force upon,അടിച്ചേൽപ്പിച്ചു ; ശക്തനായ / അഹങ്കാരിയായ,"Different Arabic words forced onto key ""جبار"": ""جَبَّار"" = ""Mighty / Tyrant / Giant""  vs  ""جَبَّارَ"" = ""To force upon""  (the harakat that separate them were stripped)."
جدل,جَدَل|جَدَلَ,LEXICALLY_DISTINCT,Argument/Dispute ; To braid / weave ; To twist fiber,നൂൽ പിരിത്തു ; മെടഞ്ഞു / നെയ്തു ; വാദം,"Different Arabic words forced onto key ""جدل"": ""جَدَل"" = ""Argument/Dispute""  vs  ""جَدَلَ"" = ""To braid / weave / To twist fiber""  (the harakat that separate them were stripped)."
جسم,جَسَمَ|جَسُمَ|جِسْم,LEXICALLY_DISTINCT,Anatomy/Body ; Body ; The body ; To be huge / massive ; To materialize / embody ; To shape object,രൂപീകരിച്ചു ; വലുതായി ; വസ്തുവിന് രൂപം നൽകി ; ശരീരം,"Different Arabic words forced onto key ""جسم"": ""جَسَمَ"" = ""To materialize / embody / To shape object""  vs  ""جِسْم"" = ""Body / Anatomy/Body / The body""  (the harakat that separate them were stripped)."
جلم,جَلَم|جَلَمَ,LEXICALLY_DISTINCT,Skin / Hide ; To shear sheep,ആടിന്റെ രോമം വെട്ടി ; ചർമ്മം,"Different Arabic words forced onto key ""جلم"": ""جَلَم"" = ""Skin / Hide""  vs  ""جَلَمَ"" = ""To shear sheep""  (the harakat that separate them were stripped)."
جيش,جَيَّشَ|جَيْش,LEXICALLY_DISTINCT,Army / Military ; To incite emotions ; To mobilize military ; To rally supporters,പിന്തുണക്കാരെ അണിനിരത്തി ; വികാരങ്ങൾ ഇളക്കിവിട്ടു ; സൈന്യം ; സൈന്യത്തെ അണിനിരത്തി,"Different Arabic words forced onto key ""جيش"": ""جَيَّشَ"" = ""To mobilize military / To rally supporters / …""  vs  ""جَيْش"" = ""Army / Military""  (the harakat that separate them were stripped)."
جو,جَوَّ|جَوّ,LEXICALLY_DISTINCT,Atmosphere / Weather ; Inside / Within,അന്തരീക്ഷം / കാലാവസ്ഥ ; ഉള്ളിൽ,"Different Arabic words forced onto key ""جو"": ""جَوَّ"" = ""Inside / Within""  vs  ""جَوّ"" = ""Atmosphere / Weather""  (the harakat that separate them were stripped)."
جمعة,جُمُعَة|جُمْعَة,VOCALIZATION_VARIANT,Friday ; The Holy Day (Friday),പുണ്യദിനം (വെള്ളി) ; വെള്ളിയാഴ്ച,"Identical consonantal skeleton ""جمعة""; ""جُمُعَة / جُمْعَة"" differ only by harakat and denote the same lexeme (""Friday"")."
جملة,جُمْلَة|جُمْلَةً,VOCALIZATION_VARIANT,In gross / Altogether ; Sentence / Wholesale,മൊത്തത്തിൽ ; വാചകം / മൊത്തവ്യാപാരം,"Identical consonantal skeleton ""جملة""; ""جُمْلَة / جُمْلَةً"" differ only by harakat and denote the same lexeme (""Sentence / Wholesale"")."
حكم,حَكَمَ|حُكْم,LEXICALLY_DISTINCT,Decision ; Ruled/Judged,തീരുമാനം ; ഭരിച്ചു/വിധിച്ചു,"Different Arabic words forced onto key ""حكم"": ""حَكَمَ"" = ""Ruled/Judged""  vs  ""حُكْم"" = ""Decision""  (the harakat that separate them were stripped)."
حد,حَدّ|حَدَّ,LEXICALLY_DISTINCT,Limit/Border ; Limit/Boundary ; Limited/Defined ; The limit,"അതിരിട്ടു/നിർവചിച്ചു ; അതിര് ; പരിധി, അതിര്","Different Arabic words forced onto key ""حد"": ""حَدّ"" = ""Limit/Border / The limit / Limit/Boundary""  vs  ""حَدَّ"" = ""Limited/Defined""  (the harakat that separate them were stripped)."
خط,خَطّ|خَطَّ,LEXICALLY_DISTINCT,Drew a line ; Handwriting ; Line/Handwriting,കൈയക്ഷരം ; വര/കൈയക്ഷരം ; വരച്ചു,"Different Arabic words forced onto key ""خط"": ""خَطّ"" = ""Handwriting / Line/Handwriting""  vs  ""خَطَّ"" = ""Drew a line""  (the harakat that separate them were stripped)."
حجز,حَجَزَ|حَجْز,LEXICALLY_DISTINCT,Reservation/Booking ; Reserved/Booked,മുൻകൂട്ടി ബുക്ക് ചെയ്തു ; റിസർവേഷൻ,"Different Arabic words forced onto key ""حجز"": ""حَجَزَ"" = ""Reserved/Booked""  vs  ""حَجْز"" = ""Reservation/Booking""  (the harakat that separate them were stripped)."
حمي,حَمَى|حَمِيَ,LEXICALLY_DISTINCT,Became hot ; Protected,ചൂടായി ; പരിരക്ഷിച്ചു,"Different Arabic words forced onto key ""حمي"": ""حَمَى"" = ""Protected""  vs  ""حَمِيَ"" = ""Became hot""  (letter fold alef-maqsura ى->ي merged different spellings; the harakat that separate them were stripped)."
خبر,خَبَر|خَبَرَ|خَبِرَ,LEXICALLY_DISTINCT,Knew/Experienced ; News/Report ; Tasted/Experienced,അനുഭവിച്ചു ; അറിഞ്ഞു/പരിചയപ്പെട്ടു ; വാർത്ത/റിപ്പോർട്ട്,"Different Arabic words forced onto key ""خبر"": ""خَبَر"" = ""News/Report""  vs  ""خَبِرَ"" = ""Tasted/Experienced""  (the harakat that separate them were stripped)."
خطا,خَطَأ|خَطَا,LEXICALLY_DISTINCT,An error/Misunderstanding ; Mistake/Error ; Took a step,ഒരു ചുവടുവെച്ചു ; ഒരു പിഴവ് ; തെറ്റ്/പിഴവ്,"Different Arabic words forced onto key ""خطا"": ""خَطَأ"" = ""Mistake/Error / An error/Misunderstanding""  vs  ""خَطَا"" = ""Took a step""  (letter fold alef-hamza-above أ->ا merged different spellings; the harakat that separate them were stripped)."
صوت,صَوَّتَ|صَوْت,LEXICALLY_DISTINCT,A sound ; A voice ; Made something sound ; Sound/Voice ; Voice/Sound,"ഒരു ശബ്ദം ; ശബ്ദം ; ശബ്ദം, ഒച്ച ; ശബ്ദമുണ്ടാക്കി","Different Arabic words forced onto key ""صوت"": ""صَوَّتَ"" = ""Made something sound""  vs  ""صَوْت"" = ""A voice / Sound/Voice / A sound / Voice/Sound""  (the harakat that separate them were stripped)."
خلف,خَلَفَ|خَلَّفَ,LEXICALLY_DISTINCT,Left (property) ; Left behind,പിന്നിലാക്കി ; സ്വത്ത് ഉപേക്ഷിച്ചു,"Different Arabic words forced onto key ""خلف"": ""خَلَفَ"" = ""Left (property)""  vs  ""خَلَّفَ"" = ""Left behind""  (the harakat that separate them were stripped)."
دار,دَار|دَارَ,LEXICALLY_DISTINCT,House ; Turned/Rotated,കറങ്ങി/തിരിഞ്ഞു ; വീട്,"Different Arabic words forced onto key ""دار"": ""دَار"" = ""House""  vs  ""دَارَ"" = ""Turned/Rotated""  (the harakat that separate them were stripped)."
درس,دَرَسَ|دَرَّسَ|دَرْس,LEXICALLY_DISTINCT,Lesson/Study ; Studied ; Taught,പഠിച്ചു ; പഠിപ്പിക്കുക ; പാഠം/പഠനം,"Different Arabic words forced onto key ""درس"": ""دَرَسَ"" = ""Studied""  vs  ""دَرْس"" = ""Lesson/Study""  (the harakat that separate them were stripped)."
دين,دَيْن|دِين,LEXICALLY_DISTINCT,Debt ; Religion/Debt,കടം ; മതം/കടം,"Different Arabic words forced onto key ""دين"": ""دَيْن"" = ""Debt""  vs  ""دِين"" = ""Religion/Debt""  (the harakat that separate them were stripped)."
دور,دَوَّرَ|دَوْر,LEXICALLY_DISTINCT,Made round ; Rotation/Turn ; Turn/Role,കറക്കം/ഊഴം ; പങ്ക് ; വട്ടത്തിലാക്കി,"Different Arabic words forced onto key ""دور"": ""دَوَّرَ"" = ""Made round""  vs  ""دَوْر"" = ""Rotation/Turn / Turn/Role""  (the harakat that separate them were stripped)."
دعم,دَعَمَ|دَعْم,LEXICALLY_DISTINCT,Support ; Supported,പിന്തുണ ; പിന്തുണച്ചു,"Different Arabic words forced onto key ""دعم"": ""دَعَمَ"" = ""Supported""  vs  ""دَعْم"" = ""Support""  (the harakat that separate them were stripped)."
سمن,سَمِنَ|سَمْن,LEXICALLY_DISTINCT,Butter ; Got fat,തടിച്ചു ; നെയ്യ്,"Different Arabic words forced onto key ""سمن"": ""سَمِنَ"" = ""Got fat""  vs  ""سَمْن"" = ""Butter""  (the harakat that separate them were stripped)."
استدعي,اُسْتُدْعِيَ|اِسْتَدْعَى,LEXICALLY_DISTINCT,Invoked/Implored ; Was supported,അഭ്യർത്ഥിച്ചു ; പിന്തുണ ലഭിച്ചു,"Different Arabic words forced onto key ""استدعي"": ""اُسْتُدْعِيَ"" = ""Was supported""  vs  ""اِسْتَدْعَى"" = ""Invoked/Implored""  (letter fold alef-maqsura ى->ي merged different spellings; the harakat that separate them were stripped)."
ذرة,ذَرَّة|ذُرَة,LEXICALLY_DISTINCT,Atom/Particle ; Corn/Maize,അണു ; ചോളം,"Different Arabic words forced onto key ""ذرة"": ""ذَرَّة"" = ""Atom/Particle""  vs  ""ذُرَة"" = ""Corn/Maize""  (the harakat that separate them were stripped)."
ذبل,ذَبَلَ|ذَبْل,LEXICALLY_DISTINCT,Faded/Withered ; Fading/Wither ; Withered/Faded,വാടി ; വാട്ടം,"Different Arabic words forced onto key ""ذبل"": ""ذَبَلَ"" = ""Faded/Withered / Withered/Faded""  vs  ""ذَبْل"" = ""Fading/Wither""  (the harakat that separate them were stripped)."
ذب,ذَبّ|ذَبَّ,LEXICALLY_DISTINCT,Defended ; Defense/Protection,പ്രതിരോധം ; പ്രതിരോധിച്ചു,"Different Arabic words forced onto key ""ذب"": ""ذَبّ"" = ""Defense/Protection""  vs  ""ذَبَّ"" = ""Defended""  (the harakat that separate them were stripped)."
ذبح,ذَبَحَ|ذَبَّحَ|ذُبِحَ,VOCALIZATION_VARIANT,Sacrificed ; Slaughtered ; Slaughtered (many) ; Was slaughtered,അറുക്കപ്പെട്ടു ; അറുത്തു ; ധാരാളം അറുത്തു ; ബലിയർപ്പിച്ചു,"Identical consonantal skeleton ""ذبح""; ""ذَبَحَ / ذَبَّحَ / ذُبِحَ"" differ only by harakat and denote the same lexeme (""Slaughtered / Sacrificed"")."
اذل,أَذَلَّ|اِذَّلَّ,SAFE_ORTHOGRAPHIC,Humbled ; Humiliated ; Was humbled,അവഹേളിച്ചു ; വിനയപ്പെടുത്തി ; വിനയമുള്ളവനായിത്തീർന്നു,"Orthographic spelling variants of one word (alef-hamza-above أ->ا): ""أَذَلَّ / اِذَّلَّ"". Same sense ""Humiliated / Humbled"", so a normalized hit still points at the right entry."
غفر,غَفَرَ|غُفِرَ,VOCALIZATION_VARIANT,Forgave ; Was forgiven,"ക്ഷമിക്കപ്പെട്ടു ; ക്ഷമിക്കുക, മാപ്പ് നൽകുക","Identical consonantal skeleton ""غفر""; ""غَفَرَ / غُفِرَ"" differ only by harakat and denote the same lexeme (""Forgave"")."
صبر,صَبَرَ|صَبْر,LEXICALLY_DISTINCT,Patience ; Was patient,ക്ഷമ ; ക്ഷമിച്ചു,"Different Arabic words forced onto key ""صبر"": ""صَبَرَ"" = ""Was patient""  vs  ""صَبْر"" = ""Patience""  (the harakat that separate them were stripped)."
طهر,طَهُرَ|طَهَّرَ|طُهْر,LEXICALLY_DISTINCT,Made someone clean ; Purity ; Was purified ; Was purified/Cleaned,വിശുദ്ധി ; വൃത്തിയാക്കി ; ശുദ്ധീകരിക്കപ്പെട്ടു,"Different Arabic words forced onto key ""طهر"": ""طَهُرَ"" = ""Was purified""  vs  ""طُهْر"" = ""Purity""  (the harakat that separate them were stripped)."
راي,رَأَى|رَأْي,LEXICALLY_DISTINCT,Opinion/View ; Saw,അഭിപ്രായം/കാഴ്ചപ്പാട് ; കണ്ടു,"Different Arabic words forced onto key ""راي"": ""رَأَى"" = ""Saw""  vs  ""رَأْي"" = ""Opinion/View""  (letter fold alef-hamza-above أ->ا, alef-maqsura ى->ي merged different spellings; the harakat that separate them were stripped)."
فرح,فَرَح|فَرِحَ|فَرَّحَ,LEXICALLY_DISTINCT,Happiness ; Made happy ; Was delighted ; Was happy/Rejoiced,"സന്തോഷം ; സന്തോഷിക്കുക, ആഹ്ളാദിക്കുക ; സന്തോഷിച്ചു ; സന്തോഷിപ്പിക്കുക","Different Arabic words forced onto key ""فرح"": ""فَرَح"" = ""Happiness""  vs  ""فَرَّحَ"" = ""Made happy""  (the harakat that separate them were stripped)."
رزق,رَزَقَ|رِزْق,LEXICALLY_DISTINCT,Livelihood/Sustenance ; Nourished/Sustained ; Provided with provisions,ജീവിതമാർഗ്ഗം ; ഭക്ഷണം നൽകി ; ഭക്ഷണം നൽകി/പോറ്റുന്നു,"Different Arabic words forced onto key ""رزق"": ""رَزَقَ"" = ""Nourished/Sustained / Provided with provisions""  vs  ""رِزْق"" = ""Livelihood/Sustenance""  (the harakat that separate them were stripped)."
هزم,هَزَمَ|هُزِمَ,VOCALIZATION_VARIANT,Defeated ; Was defeated,"തോൽപ്പിക്കപ്പെട്ടു ; തോൽപ്പിക്കുക, പരാജയപ്പെടുത്തുക","Identical consonantal skeleton ""هزم""; ""هَزَمَ / هُزِمَ"" differ only by harakat and denote the same lexeme (""Defeated"")."
زرع,زَرَعَ|زَرْع,LEXICALLY_DISTINCT,Farming ; Planted,കൃഷി ; നട്ടു,"Different Arabic words forced onto key ""زرع"": ""زَرَعَ"" = ""Planted""  vs  ""زَرْع"" = ""Farming""  (the harakat that separate them were stripped)."
كثر,كَثُرَ|كَثَّرَ,LEXICALLY_DISTINCT,Multiplied/Increased ; To be numerous ; Was abundant,"ധാരാളമായിരുന്നു ; ധാരാളമാവുക ; വർദ്ധിപ്പിക്കുക, പെരുപ്പിക്കുക","Different Arabic words forced onto key ""كثر"": ""كَثُرَ"" = ""Was abundant / To be numerous""  vs  ""كَثَّرَ"" = ""Multiplied/Increased""  (the harakat that separate them were stripped)."
سلم,سَلِمَ|سَلَّمَ|سُلَّم,LEXICALLY_DISTINCT,Handed over ; Ladder ; Was saved/Safe,ഏണി ; കൈമാറി ; സുരക്ഷിതമായി,"Different Arabic words forced onto key ""سلم"": ""سَلِمَ"" = ""Was saved/Safe""  vs  ""سُلَّم"" = ""Ladder""  (the harakat that separate them were stripped)."
صمت,صَمَتَ|صَمْت,LEXICALLY_DISTINCT,Silence ; To be silent ; Was silent,നിശ്ശബ്ദനായിരിക്കുക ; നിശ്ശബ്ദനാവുക ; മൗനം,"Different Arabic words forced onto key ""صمت"": ""صَمَتَ"" = ""To be silent / Was silent""  vs  ""صَمْت"" = ""Silence""  (the harakat that separate them were stripped)."
قرب,قَرُبَ|قَرَّبَ|قُرْب,LEXICALLY_DISTINCT,Brought near/Approached ; Drew near ; Got near/Came close ; Nearness/Proximity,"അടുത്തു ; അടുത്തുവരിക ; അടുപ്പം, സമീപം ; അടുപ്പിക്കുക, സമീപിക്കുക","Different Arabic words forced onto key ""قرب"": ""قَرُبَ"" = ""Drew near / Got near/Came close""  vs  ""قُرْب"" = ""Nearness/Proximity""  (the harakat that separate them were stripped)."
شاهد,شَاهَدَ|شَاهِد,LEXICALLY_DISTINCT,A witness ; Saw/Watched ; Witness,ഒരു സാക്ഷി ; കണ്ടു/നിരീക്ഷിച്ചു ; സാക്ഷി,"Different Arabic words forced onto key ""شاهد"": ""شَاهَدَ"" = ""Saw/Watched""  vs  ""شَاهِد"" = ""Witness / A witness""  (the harakat that separate them were stripped)."
شكل,شَكَّلَ|شَكْل,LEXICALLY_DISTINCT,A form/Shape ; Formed/Shaped,ഒരു രൂപം ; രൂപപ്പെടുത്തി,"Different Arabic words forced onto key ""شكل"": ""شَكَّلَ"" = ""Formed/Shaped""  vs  ""شَكْل"" = ""A form/Shape""  (the harakat that separate them were stripped)."
شرح,شَرَحَ|شَرْح,LEXICALLY_DISTINCT,An explanation ; Explained/Described,ഒരു വിശദീകരണം ; വിശദീകരിച്ചു,"Different Arabic words forced onto key ""شرح"": ""شَرَحَ"" = ""Explained/Described""  vs  ""شَرْح"" = ""An explanation""  (the harakat that separate them were stripped)."
صعب,صَعُبَ|صَعَّبَ,LEXICALLY_DISTINCT,Became difficult ; Made difficult ; Was difficult,കഠിനമായിരുന്നു ; പ്രയാസപ്പെടുത്തി ; പ്രയാസമായി,"Different Arabic words forced onto key ""صعب"": ""صَعُبَ"" = ""Was difficult / Became difficult""  vs  ""صَعَّبَ"" = ""Made difficult""  (the harakat that separate them were stripped)."
نظر,نَظَر|نَظَرَ|نُظِرَ,LEXICALLY_DISTINCT,Considered/Viewed ; Look/Sight ; Looked (Made to) ; Looked (at) ; Looked/Watched ; Was seen/Viewed,"കാണപ്പെടുക, വീക്ഷിക്കപ്പെടുക ; നോക്കി ; നോക്കുക ; നോക്കുക, കാണുക ; നോട്ടം, കാഴ്ച ; പരിഗണിക്കുക, വീക്ഷിക്കുക","Different Arabic words forced onto key ""نظر"": ""نَظَر"" = ""Look/Sight""  vs  ""نُظِرَ"" = ""Was seen/Viewed""  (the harakat that separate them were stripped)."
غرب,غَرَبَ|غَرُبَ|غَرْب,LEXICALLY_DISTINCT,Set (sun) ; Was strange/Foreign ; West,"അപരിചിതനാവുക, വിദേശിയാവുക ; അസ്തമിച്ചു ; പടിഞ്ഞാറ്","Different Arabic words forced onto key ""غرب"": ""غَرَبَ"" = ""Set (sun)""  vs  ""غَرْب"" = ""West""  (the harakat that separate them were stripped)."
صرف,صَرَفَ|صَرْف,LEXICALLY_DISTINCT,Distracted ; Mint,നാണയം നിർമ്മിക്കുന്ന സ്ഥലം ; ശ്രദ്ധ തിരിച്ചു,"Different Arabic words forced onto key ""صرف"": ""صَرَفَ"" = ""Distracted""  vs  ""صَرْف"" = ""Mint""  (the harakat that separate them were stripped)."
غطي,غَطَّى|غُطِّيَ,VOCALIZATION_VARIANT,Covered ; Covered/Concealed ; Was covered,"മൂടപ്പെട്ടു ; മൂടി ; മൂടുക, മറയ്ക്കുക","Identical consonantal skeleton ""غطى""; ""غَطَّى / غُطِّيَ"" differ only by harakat and denote the same lexeme (""Covered / Covered/Concealed"")."
صغر,صَغُرَ|صِغَر,LEXICALLY_DISTINCT,Became small ; Smallness/Youth ; Was small,ചെറുതായി ; ചെറുതായിരുന്നു ; ചെറുപ്പം,"Different Arabic words forced onto key ""صغر"": ""صَغُرَ"" = ""Became small / Was small""  vs  ""صِغَر"" = ""Smallness/Youth""  (the harakat that separate them were stripped)."
وصف,وَصَفَ|وَصْف,LEXICALLY_DISTINCT,A description ; Described,ഒരു വിവരണം ; വിവരിക്കുക ; വിവരിച്ചു,"Different Arabic words forced onto key ""وصف"": ""وَصَفَ"" = ""Described""  vs  ""وَصْف"" = ""A description""  (the harakat that separate them were stripped)."
ضفة,ضَفَّة|ضِفَّة,VOCALIZATION_VARIANT,Side/Bank ; The bank (of a river),നദീതീരം ; വശം/തീരം,"Identical consonantal skeleton ""ضفة""; ""ضَفَّة / ضِفَّة"" differ only by harakat and denote the same lexeme (""The bank (of a river)"")."
صور,صَوَّرَ|صُوِّرَ,VOCALIZATION_VARIANT,Took a picture ; Was photographed,ചിത്രമെടുത്തു ; ചിത്രീകരിക്കപ്പെട്ടു,"Identical consonantal skeleton ""صور""; ""صَوَّرَ / صُوِّرَ"" differ only by harakat and denote the same lexeme (""Took a picture"")."
ضغط,ضَغَطَ|ضَغْط,LEXICALLY_DISTINCT,Pressed/Squeezed ; Pressure/Squeeze,അമർത്തി/ഞെക്കി ; സമ്മർദ്ദം/ഞെരുക്കം,"Different Arabic words forced onto key ""ضغط"": ""ضَغَطَ"" = ""Pressed/Squeezed""  vs  ""ضَغْط"" = ""Pressure/Squeeze""  (the harakat that separate them were stripped)."
ضعف,ضَعُفَ|ضَعْف,LEXICALLY_DISTINCT,Became weak ; Weakness,ദുർബലനായി ; ബലഹീനത,"Different Arabic words forced onto key ""ضعف"": ""ضَعُفَ"" = ""Became weak""  vs  ""ضَعْف"" = ""Weakness""  (the harakat that separate them were stripped)."
ظلم,ظَلَمَ|ظُلْم,LEXICALLY_DISTINCT,Injustice/Oppression ; Oppressed/Wronged,"അക്രമം കാണിക്കുക, അനീതി ചെയ്യുക ; അനീതി, അക്രമം ; പീഡിപ്പിച്ചു","Different Arabic words forced onto key ""ظلم"": ""ظَلَمَ"" = ""Oppressed/Wronged""  vs  ""ظُلْم"" = ""Injustice/Oppression""  (the harakat that separate them were stripped)."
ظرف,ظَرُفَ|ظَرْف,LEXICALLY_DISTINCT,Envelope ; Envelope/Container ; Was elegant/Witty,"കവർ ; കവർ, പാത്രം ; മനോഹരമാകുക","Different Arabic words forced onto key ""ظرف"": ""ظَرُفَ"" = ""Was elegant/Witty""  vs  ""ظَرْف"" = ""Envelope / Envelope/Container""  (the harakat that separate them were stripped)."
وسط,وَسَط|وَسْط,VOCALIZATION_VARIANT,Middle/Center ; Middle/Median ; The middle,"മദ്ധ്യം, കേന്ദ്രം ; മദ്ധ്യഭാഗം ; മധ്യം","Identical consonantal skeleton ""وسط""; ""وَسَط / وَسْط"" differ only by harakat and denote the same lexeme (""The middle / Middle/Center"")."
لطف,لَطُفَ|لَطَّفَ|لُطْف,LEXICALLY_DISTINCT,Embellished/Adorned ; Gentleness/Softness ; Was kind/Gentle,"അലങ്കരിക്കുക, ഭംഗിയാക്കുക ; ദയയുള്ളവനായി ; സൗമ്യത, മൃദുത്വം","Different Arabic words forced onto key ""لطف"": ""لَطُفَ"" = ""Was kind/Gentle""  vs  ""لُطْف"" = ""Gentleness/Softness""  (the harakat that separate them were stripped)."
ظن,ظَنّ|ظَنَّ,LEXICALLY_DISTINCT,Assumed/Thought ; Suspicion/Guess,"ഊഹം, സംശയം ; ഊഹിക്കുക, വിചാരിക്കുക","Different Arabic words forced onto key ""ظن"": ""ظَنّ"" = ""Suspicion/Guess""  vs  ""ظَنَّ"" = ""Assumed/Thought""  (the harakat that separate them were stripped)."
ظاهر,ظَاهَرَ|ظَاهِر,LEXICALLY_DISTINCT,Appearance/Surface ; Helped/Aided,"രൂപം, ഉപരിതലം ; സഹായിക്കുക, തുണയ്ക്കുക","Different Arabic words forced onto key ""ظاهر"": ""ظَاهَرَ"" = ""Helped/Aided""  vs  ""ظَاهِر"" = ""Appearance/Surface""  (the harakat that separate them were stripped)."
نظم,نَظَّمَ|نُظِّمَ,VOCALIZATION_VARIANT,Organized/Arranged ; Was organized,"ക്രമീകരിക്കുക, വ്യവസ്ഥപ്പെടുത്തുക ; സംഘടിപ്പിക്കപ്പെടുക ; സംഘടിപ്പിക്കുക, ക്രമീകരിക്കുക","Identical consonantal skeleton ""نظم""; ""نَظَّمَ / نُظِّمَ"" differ only by harakat and denote the same lexeme (""Organized/Arranged"")."
لفظ,لَفَظَ|لَفَّظَ,LEXICALLY_DISTINCT,Taught to pronounce ; To pronounce ; Uttered/Pronounced,"ഉച്ചരിക്കാൻ പഠിപ്പിക്കുക ; ഉച്ചരിക്കുക ; ഉച്ചരിക്കുക, മൊഴിയുക","Different Arabic words forced onto key ""لفظ"": ""لَفَظَ"" = ""Uttered/Pronounced / To pronounce""  vs  ""لَفَّظَ"" = ""Taught to pronounce""  (the harakat that separate them were stripped)."
علم,عَلَم|عَلِمَ|عَلَّمَ|عِلْم,LEXICALLY_DISTINCT,Flag/Banner ; Knew/Learned ; Knowledge/Science ; Taught/Instructed,"അറിയുക, പഠിക്കുക ; അറിവ്, ശാസ്ത്രം ; പഠിപ്പിക്കുക, ഉപദേശിക്കുക ; പതാക, കൊടി","Different Arabic words forced onto key ""علم"": ""عَلَم"" = ""Flag/Banner""  vs  ""عِلْم"" = ""Knowledge/Science""  (the harakat that separate them were stripped)."
عقاب,عُقَاب|عِقَاب,LEXICALLY_DISTINCT,Eagle/Hawk ; Penalty/Punishment ; Punishment (Name),"കഴുകൻ, പരുന്ത് ; ശിക്ഷ ; ശിക്ഷ, പ്രതിഫലം","Different Arabic words forced onto key ""عقاب"": ""عُقَاب"" = ""Eagle/Hawk""  vs  ""عِقَاب"" = ""Penalty/Punishment / Punishment (Name)""  (the harakat that separate them were stripped)."
عسر,عَسُرَ|عُسْر,LEXICALLY_DISTINCT,Difficulty/Hardship ; Suffered/Was difficult,"കഷ്ടപ്പെടുക, ബുദ്ധിമുട്ടാവുക ; ബുദ്ധിമുട്ട്, പ്രയാസം","Different Arabic words forced onto key ""عسر"": ""عَسُرَ"" = ""Suffered/Was difficult""  vs  ""عُسْر"" = ""Difficulty/Hardship""  (the harakat that separate them were stripped)."
غيب,غَيَّبَ|غَيْب,LEXICALLY_DISTINCT,Concealment/Secrecy ; Was absent (Made absent),"അസാന്നിധ്യത്തിലായി ; ഒളിപ്പിക്കൽ, രഹസ്യം","Different Arabic words forced onto key ""غيب"": ""غَيَّبَ"" = ""Was absent (Made absent)""  vs  ""غَيْب"" = ""Concealment/Secrecy""  (the harakat that separate them were stripped)."
غلط,غَلَط|غَلِطَ,LEXICALLY_DISTINCT,Made a mistake/Erred ; Mistake/Error,"തെറ്റ് ചെയ്യുക, അബദ്ധം പറ്റുക ; തെറ്റ്, അബദ്ധം","Different Arabic words forced onto key ""غلط"": ""غَلَط"" = ""Mistake/Error""  vs  ""غَلِطَ"" = ""Made a mistake/Erred""  (the harakat that separate them were stripped)."
غل,غَلّ|غُلّ,LEXICALLY_DISTINCT,Fodder/Forage ; Yoke/Shackle,"കാലിത്തീറ്റ, പുല്ല് ; നുകം, ചങ്ങല","Different Arabic words forced onto key ""غل"": ""غَلّ"" = ""Fodder/Forage""  vs  ""غُلّ"" = ""Yoke/Shackle""  (the harakat that separate them were stripped)."
غزل,غَزَلَ|غَزَّلَ|غَزْل,LEXICALLY_DISTINCT,Spinning/Yarn ; Spun (Made to spin) ; Spun (Yarn),"നൂൽ നൂൽക്കുക ; നൂൽ നൂൽപ്പിക്കുക ; നൂൽനൂൽപ്പ്, നൂൽ","Different Arabic words forced onto key ""غزل"": ""غَزَلَ"" = ""Spun (Yarn)""  vs  ""غَزْل"" = ""Spinning/Yarn""  (the harakat that separate them were stripped)."
غش,غَشَّ|غِشّ,LEXICALLY_DISTINCT,Cheated/Deceived ; Deceit/Fraud,"വഞ്ചന, കള്ളത്തരം ; വഞ്ചിക്കുക, കബളിപ്പിക്കുക","Different Arabic words forced onto key ""غش"": ""غَشَّ"" = ""Cheated/Deceived""  vs  ""غِشّ"" = ""Deceit/Fraud""  (the harakat that separate them were stripped)."
غنم,غَنَم|غَنْم,LEXICALLY_DISTINCT,Booty/Gains ; Ram ; Sheep (Figurative) ; Sheep/Goats,"ആടുകൾ, ചെമ്മരിയാട് ; ആട് (രൂപകം) ; കൊള്ളമുതൽ, നേട്ടം ; മുട്ടാട്","Different Arabic words forced onto key ""غنم"": ""غَنَم"" = ""Sheep/Goats / Ram / Sheep (Figurative)""  vs  ""غَنْم"" = ""Booty/Gains""  (the harakat that separate them were stripped)."
غمز,غَمَزَ|غَمْز,LEXICALLY_DISTINCT,Wink/Hint ; Winked/Hinted,"കണ്ണിറുക്കുക, സൂചന നൽകുക ; കണ്ണിറുക്കൽ, സൂചന","Different Arabic words forced onto key ""غمز"": ""غَمَزَ"" = ""Winked/Hinted""  vs  ""غَمْز"" = ""Wink/Hint""  (the harakat that separate them were stripped)."
غنمة,غَنَمَة|غُنْمَة,LEXICALLY_DISTINCT,Advantage/Opportunity ; Gnat,"അവസരം, മെച്ചം ; കൊതുക് (ചെറിയ പ്രാണികൾ)","Different Arabic words forced onto key ""غنمة"": ""غَنَمَة"" = ""Gnat""  vs  ""غُنْمَة"" = ""Advantage/Opportunity""  (the harakat that separate them were stripped)."
غمر,غَمَرَ|غَمِرَ,LEXICALLY_DISTINCT,Became intoxicated ; Immersed/Submerged,"ആഴ്ത്തുക, മുക്കുക ; ലഹരിയിലാവുക","Different Arabic words forced onto key ""غمر"": ""غَمَرَ"" = ""Immersed/Submerged""  vs  ""غَمِرَ"" = ""Became intoxicated""  (the harakat that separate them were stripped)."
فوز,فَوَّزَ|فَوْز,LEXICALLY_DISTINCT,Distributed/Shared ; Victory/Triumph,"വിജയം, ജയം ; വിതരണം ചെയ്യുക, പങ്കിടുക","Different Arabic words forced onto key ""فوز"": ""فَوَّزَ"" = ""Distributed/Shared""  vs  ""فَوْز"" = ""Victory/Triumph""  (the harakat that separate them were stripped)."
فلاح,فَلَاح|فَلَّاح,LEXICALLY_DISTINCT,Farmer/Cultivator ; Success,"കർഷകൻ, കൃഷിക്കാരൻ ; വിജയം, ലക്ഷ്യപ്രാപ്തി","Different Arabic words forced onto key ""فلاح"": ""فَلَاح"" = ""Success""  vs  ""فَلَّاح"" = ""Farmer/Cultivator""  (the harakat that separate them were stripped)."
فك,فَكّ|فَكَّ,LEXICALLY_DISTINCT,Jaw ; Released/Freed,"താടിയെല്ല് ; വിട്ടയയ്ക്കുക, സ്വതന്ത്രമാക്കുക","Different Arabic words forced onto key ""فك"": ""فَكّ"" = ""Jaw""  vs  ""فَكَّ"" = ""Released/Freed""  (the harakat that separate them were stripped)."
فرد,فَرَدَ|فَرْد,LEXICALLY_DISTINCT,Isolated/Singled out ; Unique/Individual,"ഒറ്റപ്പെടുത്തുക, വേർതിരിക്കുക ; ഒറ്റപ്പെട്ടത്, തനിച്ച്","Different Arabic words forced onto key ""فرد"": ""فَرَدَ"" = ""Isolated/Singled out""  vs  ""فَرْد"" = ""Unique/Individual""  (the harakat that separate them were stripped)."
فارق,فَارَقَ|فَارِق,LEXICALLY_DISTINCT,Difference/Variety ; Separated (Divided),"വേർതിരിക്കുക ; വ്യത്യാസം, വൈവിധ്യം","Different Arabic words forced onto key ""فارق"": ""فَارَقَ"" = ""Separated (Divided)""  vs  ""فَارِق"" = ""Difference/Variety""  (the harakat that separate them were stripped)."
فرق,فَرِقَ|فَرَّقَ,LEXICALLY_DISTINCT,Broke (Fell apart) ; Divided/Split ; To separate,"പൊട്ടുക, തകരുക ; വിഭജിക്കുക, പങ്കിടുക ; വേർതിരിക്കുക","Different Arabic words forced onto key ""فرق"": ""فَرِقَ"" = ""Broke (Fell apart)""  vs  ""فَرَّقَ"" = ""Divided/Split / To separate""  (the harakat that separate them were stripped)."
قصر,قَصُرَ|قَصْر,LEXICALLY_DISTINCT,Palace/Castle ; Was short,"കൊട്ടാരം, കോട്ട ; നീളം കുറവായിരിക്കുക","Different Arabic words forced onto key ""قصر"": ""قَصُرَ"" = ""Was short""  vs  ""قَصْر"" = ""Palace/Castle""  (the harakat that separate them were stripped)."
كف,كَفّ|كَفَّ,LEXICALLY_DISTINCT,Controlled/Curbed ; Hand/Palm,"കൈ, കൈപ്പത്തി ; നിയന്ത്രിക്കുക, തടയുക","Different Arabic words forced onto key ""كف"": ""كَفّ"" = ""Hand/Palm""  vs  ""كَفَّ"" = ""Controlled/Curbed""  (the harakat that separate them were stripped)."
كل,كَلَّ|كُلّ,LEXICALLY_DISTINCT,Grew weary/Tired ; Total/Amount,"ആകെ, തുക ; ക്ഷീണിക്കുക, തളരുക","Different Arabic words forced onto key ""كل"": ""كَلَّ"" = ""Grew weary/Tired""  vs  ""كُلّ"" = ""Total/Amount""  (the harakat that separate them were stripped)."
كفر,كَفَرَ|كُفْر,LEXICALLY_DISTINCT,Disbelieved/Denied ; الكفر (Disbelief),"അവിശ്വസിക്കുക, നിഷേധിക്കുക ; അവിശ്വാസം, നിഷേധം","Different Arabic words forced onto key ""كفر"": ""كَفَرَ"" = ""Disbelieved/Denied""  vs  ""كُفْر"" = ""الكفر (Disbelief)""  (the harakat that separate them were stripped)."
كنز,كَنْز|كِنْز,VOCALIZATION_VARIANT,Hidden Treasure ; Treasure/Hoard,"നിക്ഷേപം, ശേഖരം ; നിധി, ഒളിപ്പിച്ചുവെച്ചത്","Identical consonantal skeleton ""كنز""; ""كَنْز / كِنْز"" differ only by harakat and denote the same lexeme (""Hidden Treasure"")."
كبر,كَبُرَ|كَبَّرَ,LEXICALLY_DISTINCT,Magnified/Exaggerated ; Was big/Great,"വലുതാക്കി കാണിക്കുക, അതിശയോക്തി പറയുക ; വലുതാവുക, മഹത്വമുള്ളതാവുക","Different Arabic words forced onto key ""كبر"": ""كَبُرَ"" = ""Was big/Great""  vs  ""كَبَّرَ"" = ""Magnified/Exaggerated""  (the harakat that separate them were stripped)."
لمع,لَمَعَ|لَمَّعَ,LEXICALLY_DISTINCT,Glowed/Flashed (Made to) ; Shone/Flashed,"തിളക്കമുണ്ടാക്കുക ; തിളങ്ങുക, മിന്നുക","Different Arabic words forced onto key ""لمع"": ""لَمَعَ"" = ""Shone/Flashed""  vs  ""لَمَّعَ"" = ""Glowed/Flashed (Made to)""  (the harakat that separate them were stripped)."
لصق,لَصِقَ|لَصَّقَ,LEXICALLY_DISTINCT,Pasted/Glued ; Stuck/Adhered,"ഒട്ടിക്കുക, പശ ചേർക്കുക ; ഒട്ടിച്ചേരുക, പറ്റിപ്പിടിക്കുക","Different Arabic words forced onto key ""لصق"": ""لَصِقَ"" = ""Stuck/Adhered""  vs  ""لَصَّقَ"" = ""Pasted/Glued""  (the harakat that separate them were stripped)."
ملك,مَلَكَ|مَلَّكَ,LEXICALLY_DISTINCT,Owned/Possessed ; Possessed (Made to),"ഉടമയായിരിക്കുക, കൈവശം വെക്കുക ; ഉടമസ്ഥനാക്കുക","Different Arabic words forced onto key ""ملك"": ""مَلَكَ"" = ""Owned/Possessed""  vs  ""مَلَّكَ"" = ""Possessed (Made to)""  (the harakat that separate them were stripped)."
نفس,نَفَس|نَفَسَ|نَفْس,LEXICALLY_DISTINCT,Breathed ; Exhale/Breath ; Soul/Self,"ആത്മാവ്, മനസ്സ് ; ശ്വാസം, നിശ്വാസം ; ശ്വാസമെടുക്കുക","Different Arabic words forced onto key ""نفس"": ""نَفَس"" = ""Exhale/Breath""  vs  ""نَفْس"" = ""Soul/Self""  (the harakat that separate them were stripped)."
نصر,نَصَرَ|نَصْر,LEXICALLY_DISTINCT,Helped/Supported ; Victory/Help,"വിജയം, സഹായം ; സഹായിക്കുക, പിന്തുണയ്ക്കുക","Different Arabic words forced onto key ""نصر"": ""نَصَرَ"" = ""Helped/Supported""  vs  ""نَصْر"" = ""Victory/Help""  (the harakat that separate them were stripped)."
هون,هَوَّنَ|هُون,LEXICALLY_DISTINCT,Ease/Comfort ; Made easy/Facilitated,"എളുപ്പം, ആശ്വാസം ; എളുപ്പമാക്കുക, സൗകര്യപ്പെടുത്തുക","Different Arabic words forced onto key ""هون"": ""هَوَّنَ"" = ""Made easy/Facilitated""  vs  ""هُون"" = ""Ease/Comfort""  (the harakat that separate them were stripped)."
هزل,هَزَلَ|هَزُلَ,LEXICALLY_DISTINCT,Joked/Made fun of ; Was thin/Emaciated,"തമാശ പറയുക, കളിയാക്കുക ; മെലിയുക, ക്ഷീണിക്കുക","Different Arabic words forced onto key ""هزل"": ""هَزَلَ"" = ""Joked/Made fun of""  vs  ""هَزُلَ"" = ""Was thin/Emaciated""  (the harakat that separate them were stripped)."
يسر,يَسَرَ|يَسَّرَ|يَسُرَ|يُسْر,LEXICALLY_DISTINCT,Ease/Facility ; Left (Side) ; Made easy/Facilitated ; Was easy/Facile,"ഇടതുവശത്തേക്ക് പോവുക ; എളുപ്പം, സൗകര്യം ; എളുപ്പമാക്കുക, ലഘൂകരിക്കുക ; എളുപ്പമാവുക, ലളിതമാവുക","Different Arabic words forced onto key ""يسر"": ""يَسَرَ"" = ""Left (Side)""  vs  ""يُسْر"" = ""Ease/Facility""  (the harakat that separate them were stripped)."
