arabic_normalized,original_forms,row_count,english_meanings,malayalam_meanings,collision_type
جد,جَدّ|جَدَّ,2,2,2,UNKNOWN
زوج,زَوْج|زُوِّجَ,2,3,3,UNKNOWN
رجل,رَجُل|رِجْل,2,3,3,UNKNOWN
امراة,امْرَأَة|اِمْرَأَة,2,1,1,UNKNOWN
جار,جَار|جَارٍ|جَارَ,3,6,5,UNKNOWN
ولي,وَلِيّ|وَلَّى,2,2,2,UNKNOWN
جمل,جَمَل|جَمَلَ|جَمَّلَ|جُمَل,4,9,8,UNKNOWN
ثور,ثَوَّرَ|ثَوْر,2,4,5,UNKNOWN
عجل,عَجَّلَ|عِجْل,2,2,2,UNKNOWN
دب,دَبَّ|دُبّ,2,3,3,UNKNOWN
ضفدع,ضَفْدَع|ضِفْدَع,2,2,2,UNKNOWN
بطة,بَطَّة|بَطَّة,2,1,1,UNKNOWN
اذن,أُذُن|إِذْن,2,3,2,UNKNOWN
شعر,شَعَرَ|شَعْر|شِعْر,3,3,3,UNKNOWN
وجه,وَجَّهَ|وَجْه,2,4,4,UNKNOWN
عين,عَيَّنَ|عَيْن,2,3,3,UNKNOWN
فم,فَم|فَمّ,2,2,3,UNKNOWN
صدر,صَدَّرَ|صَدْر,2,3,3,UNKNOWN
قلب,قَلَبَ|قَلْب,2,2,3,UNKNOWN
ظهر,ظَهَرَ|ظَهَّرَ|ظَهْر|ظُهْر,4,8,8,UNKNOWN
ظفر,ظَفَر|ظَفِرَ|ظُفْر,3,4,3,UNKNOWN
قدم,قَدَم|قَدِمَ|قُدِّمَ,3,4,6,UNKNOWN
جلد,جَلَدَ|جَلُدَ|جِلْد,3,5,5,UNKNOWN
عظم,عَظُمَ|عَظْم,2,2,3,UNKNOWN
دم,دَم|دَمّ,2,1,1,UNKNOWN
عرق,عَرِقَ|عِرْق,2,2,2,UNKNOWN
انت,أَنْتَ|أَنْتِ,2,3,3,UNKNOWN
هم,هَمّ|هَمَّ|هُمْ,3,4,4,UNKNOWN
هولاء,هَؤُلاَءِ|هَؤُلَاء,2,1,2,UNKNOWN
من,مَنْ|مِنْ,2,3,3,UNKNOWN
اخضر,أَخْضَر|اِخْضَرَّ,2,2,2,UNKNOWN
اصفر,أَصْفَر|اِصْفَرَّ,2,2,2,UNKNOWN
بني,بَنَى|بُنِيَ|بُنِّي,3,3,4,UNKNOWN
ذهبي,ذَهَبِي|ذَهَبِيّ,2,2,2,UNKNOWN
خبز,خَبَزَ|خُبْز,2,3,4,UNKNOWN
لحم,لَحَمَ|لَحْم,2,3,3,UNKNOWN
جبن,جَبَن|جَبُنَ|جُبْن,3,3,3,UNKNOWN
سكر,سَكِرَ|سُكَّر,2,3,3,UNKNOWN
جزر,جَزَر|جَزَرَ|جَزَّرَ|جُزُر,4,4,4,UNKNOWN
جذر,جَذَرَ|جَذَّرَ|جَذْر|جِذْر,4,4,4,UNKNOWN
جذع,جَذْع|جِذْع,2,1,2,UNKNOWN
قبل,قَبَّلَ|قَبِلَ|قَبَّلَ|قَبْلَ,4,6,6,UNKNOWN
بعد,بَعَّدَ|بَعْدَ,2,2,3,UNKNOWN
بين,بَيَّنَ|بَيْنَ,2,2,2,UNKNOWN
حول,حَوَّلَ|حَوْلَ,2,2,2,UNKNOWN
غدا,غَداً|غَدَا,2,2,2,UNKNOWN
عصر,عَصَرَ|عَصْر,2,4,4,UNKNOWN
الان,أَلَانَ|الآنَ,2,2,2,UNKNOWN
قبعة,قُبَّعَة|قُبَّعَة,2,2,1,UNKNOWN
حزن,حَزِنَ|حُزْن,2,3,4,UNKNOWN
غضب,غَضَب|غَضِبَ,2,3,3,UNKNOWN
سهل,سَهُلَ|سَهْل,2,3,4,UNKNOWN
غني,غَنَّى|غَنِيَ|غَنِيّ|غَنَّى|غِنَى,5,5,5,UNKNOWN
قوي,قَوِيّ|قَوَّى,2,2,2,UNKNOWN
سيارة,سَيَّارَة|سَيَّارَة,2,1,2,UNKNOWN
امل,أَمَل|أَمَلَ|أَمَّلَ,3,4,4,UNKNOWN
كتب,كَتَبَ|كَتَّبَ,2,3,3,UNKNOWN
ذهب,ذَهَب|ذَهَبَ,2,4,4,UNKNOWN
سمع,سَمِعَ|سُمِعَ,2,3,3,UNKNOWN
استيقظ,إِسْتَيْقَظَ|اِسْتَيْقَظَ,2,3,3,UNKNOWN
مشي,مَشَى|مَشَّى,2,3,2,UNKNOWN
عمل,عَمَل|عَمِلَ,2,3,3,UNKNOWN
فكر,فَكَّرَ|فَكَّرَ,2,2,2,UNKNOWN
احب,أَحَبَّ|أَحَبَّ,2,2,2,UNKNOWN
فتح,فَتَحَ|فَتْح,2,4,3,UNKNOWN
اشتري,إِشْتَرَى|اِشْتَرَى,2,2,2,UNKNOWN
باع,بَاع|بَاعَ,2,2,2,UNKNOWN
سال,سَأَلَ|سَالَ,2,3,3,UNKNOWN
غسل,غَسَلَ|غَسْل,2,5,5,UNKNOWN
ضحك,ضَحِك|ضَحِكَ|ضَحْك,3,3,3,UNKNOWN
ضرب,ضَرَبَ|ضَرْب|ضُرِبَ,3,6,6,UNKNOWN
قطع,قَطَعَ|قَطَّعَ|قَطَّعَ,3,6,6,UNKNOWN
حمل,حَمَلَ|حِمْل,2,3,3,UNKNOWN
وضع,وَضَعَ|وَضْع,2,3,3,UNKNOWN
غير,غَيَّرَ|غَيَّرَ,2,2,2,UNKNOWN
نظف,نَظَّفَ|نَظُفَ|نَظَّفَ|نُظِّفَ,4,4,3,UNKNOWN
تذكر,تَذَكَّرَ|تَذَكَّرَ,2,2,2,UNKNOWN
بدا,بَدَأَ|بَدَا,2,5,3,UNKNOWN
شكر,شَكَرَ|شُكْر,2,3,3,UNKNOWN
حمد,حَمِدَ|حَمْد,2,3,3,UNKNOWN
عبد,عَبَدَ|عَبْد,2,3,3,UNKNOWN
خلق,خَلَقَ|خَلْق|خُلُق,3,4,4,UNKNOWN
وعد,وَعَدَ|وَعْد,2,5,5,UNKNOWN
كذب,كَذَبَ|كَذِب,2,3,3,UNKNOWN
صدق,صَدَقَ|صَدَّقَ|صِدْق,3,4,4,UNKNOWN
اختار,إِخْتَارَ|اِخْتَارَ,2,2,2,UNKNOWN
قرر,قَرَّرَ|قَرَّرَ,2,3,3,UNKNOWN
شفي,شَفَى|شُفِيَ,2,3,3,UNKNOWN
مرض,مَرَض|مَرِضَ,2,2,2,UNKNOWN
استراح,إِسْتَرَاحَ|اِسْتَرَاحَ,2,2,2,UNKNOWN
رسم,رَسَمَ|رَسْم,2,4,4,UNKNOWN
فصل,فَصَلَ|فَصْل,2,8,7,UNKNOWN
عد,عَدَّ|عَدَّ,2,2,2,UNKNOWN
وزن,وَزَنَ|وَزْن,2,6,6,UNKNOWN
قسم,قَسَم|قَسَمَ|قَسَّمَ,3,4,4,UNKNOWN
اكتشف,إِكْتَشَفَ|اِكْتَشَفَ,2,2,2,UNKNOWN
جمع,جَمَعَ|جَمَّعَ|جَمْع,3,10,11,UNKNOWN
خطط,خَطَّطَ|خَطَّطَ,2,3,3,UNKNOWN
نصح,نَصَحَ|نُصْح,2,3,3,UNKNOWN
اتفق,إِتَّفَقَ|اِتَّفَقَ,2,2,2,UNKNOWN
تخيل,تَخَيَّلَ|تَخَيَّلَ,2,2,2,UNKNOWN
حلم,حَلَمَ|حُلْم,2,2,2,UNKNOWN
لام,لاَمَ|لَامَ,2,2,2,UNKNOWN
نقد,نَقَدَ|نَقْد,2,2,2,UNKNOWN
شجع,شَجَّعَ|شَجَّعَ,2,2,2,UNKNOWN
كرم,كَرَّمَ|كَرُمَ|كَرَّمَ,3,3,3,UNKNOWN
نبه,نَبَّهَ|نَبَّهَ,2,2,2,UNKNOWN
شك,شَكَّ|شَكّ|شَكَّ,3,4,4,UNKNOWN
عبر,عَبَرَ|عَبَّرَ,2,2,2,UNKNOWN
سجل,سَجَّلَ|سَجَّلَ|سِجِلّ,3,4,3,UNKNOWN
وقع,وَقَّعَ|وَقَّعَ,2,2,2,UNKNOWN
طبع,طَبَعَ|طُبِعَ,2,3,3,UNKNOWN
قدر,قَدَر|قَدَّرَ|قُدِّرَ,3,3,3,UNKNOWN
علق,عَلَّقَ|عَلَّقَ,2,2,2,UNKNOWN
انزلق,إِنْزَلَقَ|اِنْزَلَقَ,2,3,3,UNKNOWN
غرق,غَرَق|غَرِقَ,2,3,3,UNKNOWN
احترق,إِحْتَرَقَ|اِحْتَرَقَ,2,2,2,UNKNOWN
صفر,صَفَّرَ|صِفْر,2,2,2,UNKNOWN
همس,هَمَسَ|هَمْس,2,3,3,UNKNOWN
سمي,سَمَّى|سَمَّى,2,2,2,UNKNOWN
لوح,لَوَّحَ|لَوْح,2,3,3,UNKNOWN
هدا,هَدَأَ|هَدَّأَ,2,3,3,UNKNOWN
قلق,قَلَق|قَلِقَ,2,3,3,UNKNOWN
حفظ,حَفِظَ|حَفَّظَ,2,4,4,UNKNOWN
ذكر,ذَكَر|ذَكَرَ|ذَكَّرَ|ذَكَّرَ|ذُكِرَ|ذِكْر,6,8,8,UNKNOWN
توقع,تَوَقَّعَ|تَوَقَّعَ,2,2,2,UNKNOWN
فضل,فَضَلَ|فَضَّلَ,2,2,2,UNKNOWN
استثمر,إِسْتَثْمَرَ|اِسْتَثْمَرَ,2,2,2,UNKNOWN
جدول,جَدْوَل|جَدْوَلَ,2,2,2,UNKNOWN
اعترف,إِعْتَرَفَ|اِعْتَرَفَ,2,2,2,UNKNOWN
اعتذر,إِعْتَذَرَ|اِعْتَذَرَ,2,2,2,UNKNOWN
تزوج,تَزَوَّجَ|تَزَوَّجَ,2,2,2,UNKNOWN
صنع,صَنَعَ|صُنِعَ,2,3,3,UNKNOWN
هدد,هَدَّدَ|هَدَّدَ,2,2,2,UNKNOWN
انتشر,إِنْتَشَرَ|اِنْتَشَرَ,2,4,4,UNKNOWN
جدف,جَدَفَ|جَدَّفَ,2,3,3,UNKNOWN
بذر البذور,بَذَرَ البُذُور|بَذَرَ البُذُورَ,2,1,1,UNKNOWN
برقت السماء,بَرَقَتِ السَّمَاء|بَرَقَتِ السَّمَاءُ,2,2,2,UNKNOWN
انكسر,إِنْكَسَرَ|اِنْكَسَرَ,2,2,2,UNKNOWN
انشغل,إِنْشَغَلَ|اِنْشَغَلَ,2,2,2,UNKNOWN
اهتز,إِهْتَزَّ|اِهْتَزَّ,2,2,2,UNKNOWN
بشر,بَشَر|بَشَّرَ,2,2,2,UNKNOWN
ببغاء,بَبَّغَاء|بَبْغَاء,2,1,1,UNKNOWN
بصر,بَصَر|بَصَّرَ|بَصُرَ,3,3,3,UNKNOWN
بر,بَرّ|بُرّ,2,2,2,UNKNOWN
برق,بَرَقَ|بَرْق,2,2,2,UNKNOWN
برد,بَرَد|بَرَدَ|بَرَّدَ,3,3,3,UNKNOWN
بقعة,بَقْعَة|بُقْعَة,2,2,2,UNKNOWN
بلغ,بَلَغَ|بَلَّغَ|بَلُغَ,3,6,6,UNKNOWN
بسط,بَسَطَ|بَسَّطَ,2,2,2,UNKNOWN
ابتلي,إِبْتَلَى|إِبْتُلِيَ,2,2,2,UNKNOWN
بري,بَرَى|بَرِئَ,2,2,2,UNKNOWN
بل,بَلَّ|بَلْ,2,2,2,UNKNOWN
ثبت,ثَبَتَ|ثَبَّتَ,2,2,2,UNKNOWN
ثبط,ثَبَطَ|ثَبَطَّ|ثَبُطَ,3,3,3,UNKNOWN
ثقب,ثَقَبَ|ثَقَّبَ|ثَقْب,3,4,3,UNKNOWN
ثقف,ثَقُفَ|ثَقَّفَ,2,2,2,UNKNOWN
ثقل,ثَقُلَ|ثَقَّلَ,2,3,3,UNKNOWN
ثلم,ثَلَمَ|ثَلَّمَ,2,2,2,UNKNOWN
ثلب,ثَلَبَ|ثَلَّبَ,2,2,2,UNKNOWN
ثني,ثَنَى|ثَنَّى,2,2,2,UNKNOWN
ثمن,ثَمَن|ثَمَنَ|ثَمَّنَ,3,4,4,UNKNOWN
ثلث,ثَلَثَ|ثَلَّثَ,2,2,2,UNKNOWN
ثغر,ثَغَرَ|ثَغَّرَ,2,2,2,UNKNOWN
جهز,جَهَزَ|جَهَّزَ,2,10,10,UNKNOWN
جسد,جَسَد|جَسَّدَ,2,3,3,UNKNOWN
جمد,جَمُدَ|جَمَّدَ,2,6,6,UNKNOWN
جرح,جَرَحَ|جَرْح|جُرِحَ|جُرْح,4,7,5,UNKNOWN
جهل,جَهَلَ|جَهِلَ,2,4,4,UNKNOWN
جاد,جَادَ|جَادّ,2,5,5,UNKNOWN
جانب,جَانَبَ|جَانِب|جَانِبَ,3,4,4,UNKNOWN
جامع,جَامَعَ|جَامِع,2,4,4,UNKNOWN
جرد,جَرُدَ|جَرَّدَ,2,4,4,UNKNOWN
جرم,جَرَمَ|جَرُمَ|جَرَّمَ,3,6,6,UNKNOWN
جرس,جَرَس|جَرَسَ|جَرْس,3,5,3,UNKNOWN
جرف,جَرُفَ|جَرَّفَ|جُرْف,3,4,4,UNKNOWN
جرع,جَرَعَ|جَرَّعَ,2,4,4,UNKNOWN
جزع,جَزَع|جَزَعَ,2,3,3,UNKNOWN
جزا,جَزَأَ|جَزَّأَ,2,4,4,UNKNOWN
جسس,جَسَس|جَسَّسَ,2,4,4,UNKNOWN
جسر,جَسُرَ|جِسْر,2,2,2,UNKNOWN
جلي,جَلَى|جَلَّى,2,4,4,UNKNOWN
جنس,جَنَسَ|جَنَّسَ|جِنْس,3,3,3,UNKNOWN
جرو,جَرُؤَ|جَرْو,2,2,2,UNKNOWN
جوز,جَوَّزَ|جَوْز,2,3,3,UNKNOWN
جوع,جَوَّعَ|جُوع,2,3,3,UNKNOWN
جاف,جَافّ|جَافَّ,2,2,2,UNKNOWN
جامد,جَامَدَ|جَامِد,2,2,2,UNKNOWN
جبار,جَبَّار|جَبَّارَ,2,2,2,UNKNOWN
جدل,جَدَل|جَدَلَ,2,3,3,UNKNOWN
جسم,جَسَمَ|جَسُمَ|جِسْم,3,6,4,UNKNOWN
جلم,جَلَم|جَلَمَ,2,2,2,UNKNOWN
جيش,جَيَّشَ|جَيْش,2,4,4,UNKNOWN
جو,جَوَّ|جَوّ,2,2,2,UNKNOWN
جمعة,جُمُعَة|جُمْعَة,2,2,2,UNKNOWN
جملة,جُمْلَة|جُمْلَةً,2,2,2,UNKNOWN
حكم,حَكَمَ|حُكْم,2,2,2,UNKNOWN
حد,حَدّ|حَدَّ,2,4,3,UNKNOWN
خط,خَطّ|خَطَّ,2,3,3,UNKNOWN
حجز,حَجَزَ|حَجْز,2,2,2,UNKNOWN
حمي,حَمَى|حَمِيَ,2,2,2,UNKNOWN
خبر,خَبَر|خَبَرَ|خَبِرَ,3,3,3,UNKNOWN
خطا,خَطَأ|خَطَا,2,3,3,UNKNOWN
صوت,صَوَّتَ|صَوْت,2,5,4,UNKNOWN
خلف,خَلَفَ|خَلَّفَ,2,2,2,UNKNOWN
دار,دَار|دَارَ,2,2,2,UNKNOWN
درس,دَرَسَ|دَرَّسَ|دَرْس,3,3,3,UNKNOWN
دين,دَيْن|دِين,2,2,2,UNKNOWN
دور,دَوَّرَ|دَوْر,2,3,3,UNKNOWN
دعم,دَعَمَ|دَعْم,2,2,2,UNKNOWN
سمن,سَمِنَ|سَمْن,2,2,2,UNKNOWN
استدعي,اُسْتُدْعِيَ|اِسْتَدْعَى,2,2,2,UNKNOWN
ذرة,ذَرَّة|ذُرَة,2,2,2,UNKNOWN
ذبل,ذَبَلَ|ذَبْل,2,3,2,UNKNOWN
ذب,ذَبّ|ذَبَّ,2,2,2,UNKNOWN
ذبح,ذَبَحَ|ذَبَّحَ|ذُبِحَ,3,4,4,UNKNOWN
اذل,أَذَلَّ|اِذَّلَّ,2,3,3,UNKNOWN
غفر,غَفَرَ|غُفِرَ,2,2,2,UNKNOWN
صبر,صَبَرَ|صَبْر,2,2,2,UNKNOWN
طهر,طَهُرَ|طَهَّرَ|طُهْر,3,4,3,UNKNOWN
راي,رَأَى|رَأْي,2,2,2,UNKNOWN
فرح,فَرَح|فَرِحَ|فَرَّحَ,3,4,4,UNKNOWN
رزق,رَزَقَ|رِزْق,2,3,3,UNKNOWN
هزم,هَزَمَ|هُزِمَ,2,2,2,UNKNOWN
زرع,زَرَعَ|زَرْع,2,2,2,UNKNOWN
كثر,كَثُرَ|كَثَّرَ,2,3,3,UNKNOWN
سلم,سَلِمَ|سَلَّمَ|سُلَّم,3,3,3,UNKNOWN
صمت,صَمَتَ|صَمْت,2,3,3,UNKNOWN
قرب,قَرُبَ|قَرَّبَ|قُرْب,3,4,4,UNKNOWN
شاهد,شَاهَدَ|شَاهِد,2,3,3,UNKNOWN
شكل,شَكَّلَ|شَكْل,2,2,2,UNKNOWN
شرح,شَرَحَ|شَرْح,2,2,2,UNKNOWN
صعب,صَعُبَ|صَعَّبَ,2,3,3,UNKNOWN
نظر,نَظَر|نَظَرَ|نُظِرَ,3,6,6,UNKNOWN
غرب,غَرَبَ|غَرُبَ|غَرْب,3,3,3,UNKNOWN
صرف,صَرَفَ|صَرْف,2,2,2,UNKNOWN
غطي,غَطَّى|غُطِّيَ,2,3,3,UNKNOWN
صغر,صَغُرَ|صِغَر,2,3,3,UNKNOWN
وصف,وَصَفَ|وَصْف,2,2,3,UNKNOWN
ضفة,ضَفَّة|ضِفَّة,2,2,2,UNKNOWN
صور,صَوَّرَ|صُوِّرَ,2,2,2,UNKNOWN
ضغط,ضَغَطَ|ضَغْط,2,2,2,UNKNOWN
ضعف,ضَعُفَ|ضَعْف,2,2,2,UNKNOWN
ظلم,ظَلَمَ|ظُلْم,2,2,3,UNKNOWN
ظرف,ظَرُفَ|ظَرْف,2,3,3,UNKNOWN
وسط,وَسَط|وَسْط,2,3,3,UNKNOWN
لطف,لَطُفَ|لَطَّفَ|لُطْف,3,3,3,UNKNOWN
ظن,ظَنّ|ظَنَّ,2,2,2,UNKNOWN
ظاهر,ظَاهَرَ|ظَاهِر,2,2,2,UNKNOWN
نظم,نَظَّمَ|نُظِّمَ,2,2,3,UNKNOWN
لفظ,لَفَظَ|لَفَّظَ,2,3,3,UNKNOWN
علم,عَلَم|عَلِمَ|عَلَّمَ|عِلْم,4,4,4,UNKNOWN
عقاب,عُقَاب|عِقَاب,2,3,3,UNKNOWN
عسر,عَسُرَ|عُسْر,2,2,2,UNKNOWN
غيب,غَيَّبَ|غَيْب,2,2,2,UNKNOWN
غلط,غَلَط|غَلِطَ,2,2,2,UNKNOWN
غل,غَلّ|غُلّ,2,2,2,UNKNOWN
غزل,غَزَلَ|غَزَّلَ|غَزْل,3,3,3,UNKNOWN
غش,غَشَّ|غِشّ,2,2,2,UNKNOWN
غنم,غَنَم|غَنْم,2,4,4,UNKNOWN
غمز,غَمَزَ|غَمْز,2,2,2,UNKNOWN
غنمة,غَنَمَة|غُنْمَة,2,2,2,UNKNOWN
غمر,غَمَرَ|غَمِرَ,2,2,2,UNKNOWN
فوز,فَوَّزَ|فَوْز,2,2,2,UNKNOWN
فلاح,فَلَاح|فَلَّاح,2,2,2,UNKNOWN
فك,فَكّ|فَكَّ,2,2,2,UNKNOWN
فرد,فَرَدَ|فَرْد,2,2,2,UNKNOWN
فارق,فَارَقَ|فَارِق,2,2,2,UNKNOWN
فرق,فَرِقَ|فَرَّقَ,2,3,3,UNKNOWN
قصر,قَصُرَ|قَصْر,2,2,2,UNKNOWN
كف,كَفّ|كَفَّ,2,2,2,UNKNOWN
كل,كَلَّ|كُلّ,2,2,2,UNKNOWN
كفر,كَفَرَ|كُفْر,2,2,2,UNKNOWN
كنز,كَنْز|كِنْز,2,2,2,UNKNOWN
كبر,كَبُرَ|كَبَّرَ,2,2,2,UNKNOWN
لمع,لَمَعَ|لَمَّعَ,2,2,2,UNKNOWN
لصق,لَصِقَ|لَصَّقَ,2,2,2,UNKNOWN
ملك,مَلَكَ|مَلَّكَ,2,2,2,UNKNOWN
نفس,نَفَس|نَفَسَ|نَفْس,3,3,3,UNKNOWN
نصر,نَصَرَ|نَصْر,2,2,2,UNKNOWN
هون,هَوَّنَ|هُون,2,2,2,UNKNOWN
هزل,هَزَلَ|هَزُلَ,2,2,2,UNKNOWN
يسر,يَسَرَ|يَسَّرَ|يَسُرَ|يُسْر,4,4,4,UNKNOWN
