english,arabic,malayalam,category
To promise,وَعَدَ,വാഗ്ദാനം ചെയ്യുക,
Cow,بَقَرَة,പശു,
Duck,بَطَّة,താറാവ്,
Mule,بَغْل,കോവർകഴുത,
Owl,بُومَة,മൂങ്ങ,
Mosquito,بَعُوضَة,കൊതുക്,
Egg,بَيْضَة,മുട്ട,
Watermelon,بِطِّيخ,തണ്ണിമത്തൻ,
Potato,بَطَاطِس,ഉരുളക്കിഴങ്ങ്,
Onion,بَصَل,സവാള / ഉള്ളി,
Seed,بَذْرَة,വിത്ത്,
Sea / Ocean,بَحْر,കടൽ,
Between,بَيْنَ,ഇടയിൽ,
Slowly,بِبُطْء,പതുക്കെ,
Together,مَعاً,ഒരുമിച്ച്,
Tomorrow,بُكْرَة,നാളെ,
Brown,بُنِّي,തവിട്ടുനിറം,
Far / Distant,بَعِيد,ദൂരെയുള്ള,
Volcano,بُرْكَان,അഗ്നിപർവ്വതം,
To sell,بَاعَ,വില്ക്കുക,
To swallow,بَلَعَ,വിഴുങ്ങുക,
To spit,بَصَقَ,തുപ്പുക,
Cheese,جُبْن,ചീസ്,
Carrot,جَزَر,കാരറ്റ്,
Island,جَزِيرَة,ദ്വീപ്,
Grandfather,جَدّ,മുത്തശ്ശൻ,
Grandmother,جَدَّة,മുത്തശ്ശി,
University,جَامِعَة,സർവ്വകലാശാല,
Love,حُبّ,സ്നേഹം,
Brother,أَخ,സഹോദരൻ,
Sister,أُخْت,സഹോദരി,
Danger,خَطَر,അപകടം,
Ring,خَاتَم,മോതിരം,
Camel,جَمَل,ഒട്ടകം,
Cucumber,خِيَار,വെള്ളരി,
Disappointment,خَيْبَة,നിരാശ,
Desert,صَحْرَاء,മരുഭൂമി,
Wore shoes,اِنْتَعَلَ,ചെരിപ്പ് ധരിച്ചു,
Stood,وَقَفَ,നിന്നു,
Bear,دُبّ,കരടി,
Blood,دَم,രക്തം,
Minute,دَقِيقَة,മിനിറ്റ്,
Future,مُسْتَقْبَل,ഭാവി,
Entered,دَخَلَ,പ്രവേശിച്ചു,
Fly,ذُبَابَة,ഈച്ച,
Memory,ذَاكِرَة,ഓർമ്മ,
Prepared,جَهَّزَ,തയ്യാറാക്കി,
Stood,وَقَفَ,നിന്നു,
Head,رَأْس,തല,
Bread,خُبْز,റൊട്ടി,
Success,نَجَاح,വിജയം,
Rain,مَطَر,മഴ,
Traveled,رَحَلَ,യാത്ര ചെയ്തു,
Was satisfied,رَضِيَ,തൃപ്തനായി,
Oil,زَيْت,എണ്ണ,
Olive,زَيْتُون,ഒലിവ്,
Butter,زُبْدَة,വെണ്ണ,
Seed,بَذْرَة,വിത്ത്,
Planted,زَرَعَ,നട്ടു,
Increased,زَادَ,വർദ്ധിപ്പിച്ചു,
Was removed,أُزِيلَ,നീക്കം ചെയ്യപ്പെട്ടു,
Shouted,صَرَخَ,അലറി,
Kicked,رَكَلَ,ചവിട്ടി,
Died,مَاتَ,മരിച്ചു,
Moved/Stirred,تَحَرَّكَ,ചലിച്ചു,
Began,بَدَأَ,തുടങ്ങി,
Was purified,طَهُرَ,ശുദ്ധീകരിക്കപ്പെട്ടു,
Sky,سَمَاء,ആകാശം,
Face,وَجْه,മുഖം,
Bridge,جِسْر,പാലം,
An edge,حَافَّة,ഒരു അറ്റം,
A river,نَهْر,ഒരു നദി,
Traveled,سَافَرَ,യാത്ര ചെയ്തു,
Washed,غَسَلَ,കഴുകി,
Harmed,ضَرَّ,ദ്രോഹിച്ചു,
Supported,دَعَمَ,പിന്തുണച്ചു,
Tree,شَجَرَة,മരം,
Sun,شَمْس,സൂര്യൻ,
Month,شَهْر,മാസം,
Hair,شَعْر,മുടി,
A wound,جُرْح,ഒരു മുറിവ്,
Began,بَدَأَ,തുടങ്ങി,
Encouraged,شَجَّعَ,പ്രോത്സാഹിപ്പിച്ചു,
Zero,صِفْر,പൂജ്യം,
Desert,صَحْرَاء,മരുഭൂമി,
Silence,صَمْت,മൗനം,
Was patient,صَبَرَ,ക്ഷമിച്ചു,
Got up,قَامَ,എഴുന്നേറ്റു,
Met/Encountered,لَقِيَ,കണ്ടു,
Guest,ضَيْف,അതിഥി,
Pushed/Forced,دَفَعَ,തള്ളി,
Appeared,ظَهَرَ,പ്രത്യക്ഷപ്പെട്ടു,
Treated,عَالَجَ,ചികിത്സിച്ചു,
Made difficult,صَعَّبَ,പ്രയാസപ്പെടുത്തി,
Doubled,ضَاعَفَ,ഇരട്ടിയാക്കി,
Got up (morning),أَصْبَحَ,രാവിലെ എഴുന്നേറ്റു,
Got fat,سَمِنَ,തടിച്ചു,
Made a sound,أَصْدَرَ,ശബ്ദമുണ്ടാക്കി,
Helped,سَاعَدَ,സഹായിച്ചു,
Was sacrificed,قُدِّمَ,ബലിയർപ്പിക്കപ്പെട്ടു,
Bird,طَائِر,പക്ഷി,
Sky,سَمَاء,ആകാശം,
Obeyed,أَطَاعَ,അനുസരിച്ചു,
Began/Started,بَدَأَ,തുടങ്ങി,
Washed,غَسَلَ,കഴുകി,
Looked (at),نَظَرَ,നോക്കി,
Followed,تَبِعَ,പിന്തുടർന്നു,
Wrote,كَتَبَ,എഴുതി,
Was satisfied,رَضِيَ,തൃപ്തനായി,
Muscle,عَضَلَة,പേശി,
Bridge,جِسْر,പാലം,
Grapes,عِنَب,മുന്തിരി,
Neck,عُنُق,കഴുത്ത്,
Anger/Rage,غَضَب,"കോപം, ദേഷ്യം",
Elephant,فِيل,ആന,
Silver,فِضَّة,വെള്ളി,
Face,وَجْه,മുഖം,
Ear,أُذُن,ചെവി,
Nose,أَنْف,മൂക്ക്,
Lip,شَفَة,ചുണ്ട്,
Tooth,سِنّ,പല്ല്,
Moon,قَمَر,ചന്ദ്രൻ,
Island,جَزِيرَة,ദ്വീപ്,
Threw/Cast,قَذَفَ,"എറിയുക, വലിച്ചെറിയുക",
Kissed,قَبَّلَ,ചുംബിക്കുക,
Book,كِتَاب,പുസ്തകം,
Dog,كَلْب,നായ,
Shoulder,كَتِف,തോളെല്ല്,
Head,رَأْس,തല,
Bride,عَرُوس,മണവാട്ടി,
Hated/Disliked,كَرِهَ,"വെറുക്കുക, ഇഷ്ടപ്പെടാതിരിക്കുക",
Sufficed/Was enough,كَفَى,"മതിയാവുക, പര്യാപ്തമാവുക",
Door,بَاب,വാതിൽ,
Key,مِفْتَاح,താക്കോൽ,
Wall,جِدَار,മതിൽ,
Cloud,سَحَاب,മേഘം,
Gold,ذَهَب,സ്വർണ്ണം,
Silver,فِضَّة,വെള്ളി,
Wore (Garment),لَبِسَ,"ധരിക്കുക, അണിയുക",
Water,مَاء,വെള്ളം,
Key,مِفْتَاح,താക്കോൽ,
Rain,مَطَر,മഴ,
Future,مُسْتَقْبَل,ഭാവി,
Hospital,مُسْتَشْفَى,ആശുപത്രി,
Friend,صَدِيق,സുഹൃത്ത്,
Table,طَاوِلَة,മേശ,
Tunnel,نَفَق,തുരങ്കം,
Understood,فَهِمَ,മനസ്സിലാക്കുക,
Deficiency/Lack,نَقْص,"കുറവ്, ന്യൂനത",
Money/Cash,نَقْد,"പണം, നാണയം",
Tunnel,نَفَق,തുരങ്കം,
Man,رَجُل,പുരുഷൻ,
Foot,قَدَم,കാൽ,
Flower,زَهْرَة,പുഷ്പം,
Laughter,ضَحِك,ചിരി,
Cleaned,نَظَّفَ,വൃത്തിയാക്കുക,
Night,لَيْل,രാത്രി,
Heart,قَلْب,ഹൃദയം,
Head,رَأْس,തല,
Hand,يَد,കൈ,
Foot,قَدَم,കാൽ,
There,هُنَاكَ,അവിടെ,
Weight,وَزْن,"ഭാരം, തൂക്കം",
The Nile,نِيل,നൈൽ നദി,
Brother,أَخ,സഹോദരൻ,
Sister,أُخْت,സഹോദരി,
Light,نُور,പ്രകാശം,
Darkness,ظَلَام,ഇരുട്ട്,
Leaf,وَرَقَة,ഇല,
Hand,يَد,കൈ,
Orphan,يَتِيم,അനാഥൻ,
Eye,عَيْن,കണ്ണ്,
Thirst,عَطَش,ദാഹം,
Sun,شَمْس,സൂര്യൻ,
Moon,قَمَر,ചന്ദ്രൻ,
Star,نَجْم,നക്ഷത്രം,
Light,نُور,പ്രകാശം,
Shadow,ظِلّ,നിഴൽ,
Morning,صَبَاح,പ്രഭാതം,
Sky,سَمَاء,ആകാശം,
Lion,أَسَد,സിംഹം,
Mosquito,بَعُوضَة,കൊതുക്,
Cow,بَقَرَة,പശു,
Owl,بُومَة,മൂങ്ങ,
Crocodile,تِمْسَاح,മുതല,
Fox,ثَعْلَب,കുറുക്കൻ,
Camel,جَمَل,ഒട്ടകം,
Whale,حُوت,തിമിംഗലം,
Horse,حِصَان,കുതിര,
Bear,دُبّ,കരടി,
Wolf,ذِئْب,ചെന്നായ,
Bird,طَائِر,പക്ഷി,
Scorpion,عَقْرَب,തേൾ,
Spider,عَنْكَبُوت,ചിലന്തി,
Crow,غُرَاب,കാക്ക,
Elephant,فِيل,ആന,
Cat,قِطّ,പൂച്ച,
Monkey,قِرْد,കുരങ്ങൻ,
Hedgehog,قُنْفُذ,മുള്ളൻപന്നി,
Shark,قِرْش,സ്രാവ്,
Dog,كَلْب,നായ,
Ant,نَمْلَة,ഉറുമ്പ്,
Bee,نَحْلَة,തേനീച്ച,
Seagull,نَوْرَس,കടൽക്കാക്ക,
